Name,Manga,Anime,Appears in,Japanese,English,Birthdate,Sex,Status,Height,Weight,Blood type,Occupation,Affiliation,Ninja Rank,Novel,Movie,Game,OVA,Age,Team,Partner,Ninja Registration,Family,Nature Type,Jutsu,Tools,Kekkei Genkai,Clan,Species,Classification,Chūnin Prom. Age,Academy Grad. Age,Unique Traits,Tailed Beast,Jinchūriki
['A (First Raikage)'],['Naruto Chapter #648'],['Naruto Shippūden Episode #369'],"['Anime, Manga']",['Kōsuke Gotō'],['Steven Blum'],['December 1'],['Male'],['Deceased'],['Part II: 210.1 cm'],['Part II: 97.2 kg'],['O'],['Raikage'],['Kumogakure'],['Part II: Kage'],,,,,,,,,,,,,,,,,,,,,
['A (Fourth Raikage)'],['Naruto Chapter #416'],['Naruto Shippūden Episode #152'],"['Anime, Manga, Novel, Game, Movie']",['Hideaki Tezuka'],['Beau Billingslea'],['June 1'],['Male'],,['Part II: 198.2 cm'],['Part II: 101.1 kg'],['A'],['Raikage\nSupreme Leader of the Allied Shinobi Forces'],['Kumogakure\n Allied Shinobi Forces'],['Part II: Kage'],['Kakashi Hiden: Lightning in the Icy Sky'],['Naruto the Movie: Blood Prison'],['Naruto Shippūden: Gekitō Ninja Taisen! Special'],['Naruto Shippūden: UNSG anime cutscenes'],['Part II: 47'],['Eight-Tails Subduing Team\n A–B Combo'],['Killer B'],['CL2211'],['Family\n\t\nA  (Father)\nKiller B (Adoptive Brother)\nBlue B (Cousin)'],['Nature Type\n        \n Lightning Release\n Earth Release\n Water Release'],['Jutsu\n\n\nBody Flicker Technique\n\n\nDrop Kick (Anime only)\n\n\nElbow\n\n\nGuillotine Drop\n\n\nIron Claw\n\n\nLiger Bomb\n\n\nLightning Oppression Horizontal\n\n\nLightning Oppression Horizontal Chop\n\n\nLightning Release Chakra Mode\n\n\nLightning Release: Double Lariat\n\n\nLightning Release: Lariat\n\n\nLightning Straight\n\n\nLightning Water Dragon Bullet'],['Tools\n\n\nChakra Cannon\n\n\nVambraces'],,,,,,,,,
['A (Second Raikage)'],['Naruto Chapter #527'],['Naruto Shippūden Episode #269'],"['Anime, Manga']",,,['March 1'],['Male'],['Deceased'],['Part II: 184.2 cm'],['Part II: 84.2 kg'],['O'],['Raikage'],['Kumogakure'],['Part II: Kage'],,,,,,,,,,,,,,,,,,,,,
['A (Third Raikage)'],['Naruto Chapter #494'],['Naruto Shippūden Episode #244'],"['Anime, Manga, Game']",['Naoki Tamanoi'],['Beau Billingslea  (episodes 244-281; 302+)\nNeil Kaplan  (episodes 282-301)\nFred Tatasciore  (Ultimate Ninja Storm 3)'],['August 1'],['Male'],['Deceased'],['Part II: 205  cm'],['Part II: 105.1 kg'],['O'],['Raikage'],['Kumogakure'],['Part II: Kage'],,,['Naruto Shippūden: Ultimate Ninja Storm 3'],,,['Eight-Tails Subduing Team'],['Blue B'],,['Family\n\t\nA  (Son)\nBlue B (Nephew)\nKiller B (Adoptive son)'],['Nature Type\n        \n Lightning Release\n Earth Release\n Fire Release'],['Jutsu\n\n\nBlack Lightning\n\n\nBody Flicker Technique\n\n\nHell Stab\n\n\nLightning Release Chakra Mode\n\n\nLightning Straight'],['Tools\n\n\nKohaku no Jōhei'],,,,,,,,,
['Abiru'],['Naruto Chapter #129'],['Naruto Episode #75'],"['Anime, Manga']",,['Dave Wittenberg  (Part I)'],,['Male'],,,,,,['Sunagakure'],['Part I: Academy Student'],,,,,['Part I: 6'],,,,,,,,,,,,,,,,
['Ada'],['Boruto Chapter #56'],['Boruto Episode #287'],"['Anime, Manga']",['Kana Hanazawa'],,,['Female'],,,,,,['Kara\n Konohagakure (Manga only)'],,,,,,['Boruto Manga: 16'],,,,['Family\n\t\nDaemon (Brother)'],,['Jutsu\n\n\nOmnipotence'],['Tools'],['Senrigan'],,,,,,,,
['Agara'],['Naruto Chapter #487'],['Naruto Shippūden Episode #221'],"['Anime, Manga']",,,,['Male'],['Deceased'],,,,,['Takigakure'],['Part II: Chūnin'],,,,,['Part II: 22'],,,,,,,,,,,,,,,,
['Agari'],['Naruto Chapter #31'],['Naruto Episode #18'],"['Anime, Manga, Game']",['Yoshino Otori'],['Colleen Villard'],,['Female'],,,,,,['Land of Waves'],,,,['Naruto: Konoha Ninpōchō'],,['Part I: 48'],,,,['Family\n\t\nGiichi (Husband)'],,,,,,,,,,,,
['Agari Kaisen'],,['Naruto Episode #175'],['Anime'],['Yutaka Nakano'],['John DeMita'],,['Male'],,,,,['Head of the Kedōin clan'],,,,,,,,,,,,,['Jutsu\n\n\nFace Copying Technique'],,,['Kedōin Clan'],,,,,,,
['Ageha'],['Naruto Chapter #19'],['Naruto Episode #11'],"['Anime, Manga, Novel, Game']",['Kiyomi Asai'],['Kate Higgins'],,['Female'],,,,,,['Land of Waves'],,"['Naruto: Innocent Heart, Demonic Blood']",,['Naruto: Konoha Ninpōchō'],,['Part I: 7'],,,,,,,,,,,,,,,,
['Agira Ryūdōin'],,['Naruto Episode #196'],['Anime'],,['Keith Silverstein'],,['Male'],['Deceased'],,,,,,,,,,,,,,,['Family\n\t\nGenshō Ryūdōin (Son)\nJakō Ryūdōin (Son)\nRokkaku Ryūdōin (Son)'],,['Jutsu\n\n\nWooden Puppet Manipulation Technique'],,,,,,,,,,
['Ahiko'],['Naruto Chapter #350'],['Naruto Shippūden Episode #117'],"['Anime, Manga']",['Ichirota Koizumi'],,,['Male'],,,,,['Prisoner'],,,,,,,['Part II: 25'],,,,,,,,,,,,,,,,
['Aho Bird'],,['Naruto Episode #55'],"['Anime, Game']",,,,,,,,,,,,,,['Naruto: Ultimate Ninja Online'],,,,,,,,,,,,['Crow'],,,,,,
['Aino'],,['Naruto Shippūden Episode #460'],['Anime'],['Ayako Takeuchi'],['Cassandra Morris'],,['Female'],['Deceased'],['Part II: 159.7 cm'],,,['Attendant of the Land of Ancestors'],['Land of Ancestors'],,,,,,,,,,,,,,,,,,,,,,
['Ajisai'],['Naruto Chapter #407'],['Naruto Shippūden Episode #155'],"['Anime, Manga, Game']",['Shiho Hisajima'],['Stephanie Sheh \nKari Wahlgren   (Naruto Shippūden: Ultimate Ninja Storm 2)'],,['Female'],['Deceased'],['Part II: 155.6  cm'],,,,['Amegakure'],['Part I: Genin\nPart II: Chūnin'],,,['Naruto Shippūden: Ultimate Ninja Storm 2'],['Naruto x UT'],,['Team Ajisai (Anime only)'],,,,,['Jutsu\n\n\nEnclosing Technique (Anime only)\n\n\nSummoning Technique (Panda) (Anime only)\n\n\nSummoning: Rainwater Gate (Anime only)\n\n\nUnsealing Technique (Anime only)\n\n\nUnsealing Technique: Paper Snowstorm (Anime only)\n\n\nUnsealing Technique: Shuriken (Anime only)'],,,,,,,,,,
['Akaboshi'],,['Naruto Shippūden Episode #144'],['Anime'],['Akimitsu Takase'],['Christopher Corey Smith'],,['Male'],,,,,,,,,,,,,['Magaki Group'],,,,['Nature Type\n        \n Lightning Release'],['Jutsu\n\n\nBarrier Shattering Technique\n\n\nChakra Transfer Technique\n\n\nCombination Transformation\n\n\nHurricane Thunderclap\n\n\nImpermanence of Worldly Things\n\n\nInfinite Embrace\n\n\nMultiple Infinite Embraces\n\n\nShadow Rope Technique\n\n\nTelegram Flash'],,,,,,,,,,
['Akahoshi'],,['Naruto Episode #178'],['Anime'],['Mitsuru Miyamoto'],['Kirk Thornton'],,['Male'],,,,,['Hoshikage'],['Hoshigakure'],['Part I: Kage'],,,,,,,,,,,['Jutsu\n\n\nMysterious Peacock Method'],['Tools\n\n\nMeteorite'],,,,,,,,,
['Akamaru'],['Naruto Chapter #39'],['Naruto Episode #23'],"['Anime, Manga, Novel, Game, Movie']",['Junko Takeuchi \nKōsuke Toriumi   (Man-Beast Form)'],['Jamie Simone \nKyle Hebert   (Man-Beast Form)'],['July 7'],['Male'],,['Part I: 28 cm–29.1  cm\nPart II: 127.2  cm'],['Part I: 5.1 kg–5.3  kg\nPart II: 80.5  kg'],,,['Konohagakure\n Allied Shinobi Forces'],,['Kakashi Hiden: Lightning in the Icy Sky'],['Naruto Shippūden the Movie: The Will of Fire'],['Naruto: Konoha Ninpōchō'],['Hidden Leaf Village Grand Sports Festival!'],['Part I: 3–4\nPart II: 7–8'],['Team 8\n Konoha 11 (Anime only)\n Sasuke Recovery Team\n Bikōchū Search Team (Anime only)\n Team Two (Anime only)\n Eight Man Squad\n Fifth Division'],['Kiba Inuzuka'],,,,['Jutsu\n\n\nBeast Human Clone\n\n\nCombination Transformation\n\n\nDynamic Marking\n\n\nFang Passing Fang\n\n\nFang Rotating Fang\n\n\nFang Wolf Fang\n\n\nHuman Beast Combination Transformation: Double-Headed Wolf\n\n\nHuman Beast Mixture Transformation — Three-Headed Wolf\n\n\nPassing Fang\n\n\nSuper Fang Wolf Fang (Anime only)\n\n\nTail Chasing Fang Fang Rotating Fang'],['Tools\n\n\nMilitary Rations Pill'],,['Inuzuka Clan'],['Ninken'],,,,,,
['Akane'],['Naruto Chapter #20'],['Naruto Episode #11'],"['Anime, Manga']",['Yūko Satō\nToa Yukinari   (Part II)'],['Julianne Buescher \nLaura Bailey   (Part II)'],,['Male'],,,,,['Carpenter'],['Land of Waves'],,,,,,['Part I: 9'],,,,"[""Family\n\t\nAkane's Father (Father) (Anime only)""]",,,,,,,,,,,,
['Akane (Kunoichi)'],,['Naruto Shippūden Episode #479'],"['Anime, Novel, Movie']",['Riho Takada'],['Debi Mae West'],,['Female'],,,,,,['Konohagakure'],,['The Last: Naruto the Movie'],['The Last: Naruto the Movie'],,,,"[""Naruto's Fan Girls""]",,,,,,,,,,,,,,,
"[""Akane's Father""]",,['Naruto Shippūden Episode #180'],['Anime'],,['Patrick Seitz'],,['Male'],,,,,,['Land of Waves'],,,,,,,,,,['Family\n\t\nAkane (Son)'],,,,,,,,,,,,
['Akari'],,['Boruto Episode #210'],['Anime'],['Haruna Kakiage'],['Colleen Villard'],,['Female'],,,,,['Cultist'],,,,,,,,,,,['Family\n\t\nKagari  (Brother)'],,,,,,,,,,,,
['Akari Tatsushiro'],,,['Game'],['Sanae Kobayashi'],['Eden Riegel'],,['Female'],,,,,,,,,,['Naruto Shippūden: Dragon Blade Chronicles'],,['Part II: 16'],,,,['Family\n\t\nKuroma Tatsushiro (Brother)'],,,,,['Ryū Clan'],,,,,,,
['Akatsuchi'],['Naruto Chapter #454'],['Naruto Shippūden Episode #199'],"['Anime, Manga, Novel, Game, Movie']",['Kenta Miyake'],['Kyle Hebert'],['January 11'],['Male'],,['Part II: 200 cm\nGaiden: 212.8  cm'],['Part II: 137 kg'],['B'],"[""Tsuchikage's Bodyguard\nTsuchikage's Assistant""]",['Iwagakure\n Allied Shinobi Forces'],['Part II: Jōnin'],['Kakashi Hiden: Lightning in the Icy Sky'],['The Last: Naruto the Movie'],['Naruto Shippūden 3D: The New Era'],,['Part II: 20'],,['Kurotsuchi'],['IW-08718'],,['Nature Type\n        \n Earth Release'],['Jutsu\n\n\nEarth Release: Fist Rock Technique (Anime only)\n\n\nEarth Release: Golem Technique\n\n\nEarth Release: Reverse Antlion (Anime only)\n\n\nEarth Release: Sandwich Technique (Anime only)'],,,,,,,,,,
['Akebi Sanzu'],['Boruto Chapter #75'],['Boruto Episode #220 (Mentioned)'],"['Anime, Manga']",,,,['Female'],['Deceased'],,,,,,,,,,,['Boruto Manga: 24'],,,,['Family\n\t\nAmado Sanzu (Father)\nDelta (Clone)'],,,,,,,,,,,,
['Akemaru'],,['Boruto Episode #93'],"['Anime, Novel']",,,,['Male'],,,,,,['Konohagakure'],,['Naruto Shinden: Parent and Child Day'],,,,,,,,,,,,,['Inuzuka Clan'],['Ninken'],,,,,,
['Akino'],['Naruto Chapter #29'],['Naruto Episode #17'],"['Anime, Manga, Novel, Game, Movie']",,,,['Male'],,,,,,['Konohagakure'],,"['Naruto: Innocent Heart, Demonic Blood']",['Road to Ninja: Naruto the Movie'],['Naruto: Ultimate Ninja'],,,,,,,,['Jutsu\n\n\nCircular Formation (Anime only)\n\n\nCrane Wing Formation (Anime only)\n\n\nDog Wall Formation (Anime only)\n\n\nNinken Ninja Art: Dance of the Dust Cloud (Anime only)'],,,,['Ninken'],['Summon'],,,,,
['Akio'],,['Naruto Episode #209'],['Anime'],['Satoshi Hino \nMami Shitara  (Child)'],['Johnny Yong Bosch'],,['Male'],,,,,,['Land of Forests'],,,,,,,,,,['Family\n\t\nTodoroki (Brother)'],,,['Tools\n\n\nSpear\n\n\nSword'],,,,,,,,,
['Akita Inuzuka'],['Boruto Chapter #18'],['Boruto Episode #183'],"['Anime, Manga']",['Kyōko Hikami'],['Erin Yvette'],['April 20'],['Female'],,,,,"[""Scientist\nKatasuke Tōno's Assistant""]",['Konohagakure'],,,,,,,['Scientific Ninja Weapons Team'],['Chamaru'],,,,['Jutsu\n\n\nFang Passing Fang\n\n\nFour Legs Technique\n\n\nPassing Fang'],['Tools\n\n\nShinobi Gauntlet (Anime only)'],,['Inuzuka Clan'],,,,,,,
['Akkun'],,['Boruto Episode #81'],['Anime'],['Ryōko Shiraishi'],,,,['Deceased'],,,,,['Iwagakure\n Konohagakure'],,,,,,,['Fabrications'],,,['Family\n\t\nInojin Yamanaka (Owner)'],,,,,,['Akuta'],,,,,,
['Amachi'],,['Naruto Episode #170'],['Anime'],['Hideyuki Umezu'],['Doug Stone'],,['Male'],,,,,['Scientist'],['Land of the Sea\n Otogakure'],,,,,,,,,,,['Nature Type\n        \n Water Release'],['Jutsu\n\n\nKaima Form\n\n\nScale Senbon\n\n\nSummoning Technique (Umibōzu)\n\n\nWater Release: Large Projectile'],['Tools\n\n\nScalpel'],,,,['Medical-nin'],,,,,
['Amado Sanzu'],['Boruto Chapter #26'],['Boruto Episode #179'],"['Anime, Manga, Game']",['Akio Ōtsuka'],['Greg Chun'],,['Male'],,,,,['Scientist\nInner  (Former)'],['Kara\n Konohagakure'],,,,['Naruto x Boruto: Ninja Voltage'],,,['Scientific Ninja Weapons Team'],,,['Family\n\t\nAkebi Sanzu (Daughter)\nDelta (Creation/Clone Daughter)\nKoji Kashin (Creation)'],['Nature Type\n        \n Yin Release'],['Jutsu\n\n\nGenjutsu Communication'],['Tools\n\n\nSpace-Time Gate'],,,,,,,,,
['Amagi'],,,['Novel'],,,,['Male'],,,,,,['Sunagakure'],['Blank Period: Chūnin'],['Gaara Hiden: A Sandstorm Mirage'],,,,,['Counter-Terrorism Division'],,,,,['Jutsu\n\n\nManipulating Attack Blades'],['Tools\n\n\nKatar'],,,,,['13'],,,,
['Amagi Izuno'],,['Boruto Episode #224'],['Anime'],['Rikako Aikawa'],,,['Female'],,,,,['Head of the Izuno Clan'],['Konohagakure'],,,,,,,,,,['Family\n\t\nDaruma Izuno (Son)\nWasabi Izuno (Granddaughter)'],,,,,['Izuno Clan'],,,,,,,
['Amai'],,['Naruto Shippūden Episode #286'],['Anime'],['Tomohiro Tsuboi'],['Nicolas Roye'],,['Male'],,,,,,['Kumogakure'],,,,,,,,,,,,['Jutsu\n\n\nMystical Palm Technique'],,,,,['Medical-nin'],,,,,
['Amaru'],,,['Movie'],['Motoko Kumai'],['Michelle Ruff'],,['Female'],,['Part II: 159  cm'],,,['Apprentice Doctor'],['Land of Fire'],,,['Naruto Shippūden the Movie: Bonds'],,,['Part II: 15'],,,,,,,['Tools\n\n\nScalpel\n\n\nWinged Mechanical Device'],,,,,,,,,
['Amayo'],,,['Movie'],['Marika Hayashi'],['Bridget Hoffman'],,['Female'],,,,,,,,,['Naruto the Movie: Guardians of the Crescent Moon Kingdom'],,,,,,,['Family\n\t\nHikaru Tsuki (Son)\nMichiru Tsuki (Ex-Husband)'],,,,,,,,,,,,
['Ameno'],,['Naruto Shippūden Episode #395'],['Anime'],['Arisa Shida'],['Dorothy Elias-Fahn'],,['Female'],,['Part I: 162  cm'],,,,['Sunagakure'],['Part I: Genin'],,,,,,['Team Ameno'],,,,['Nature Type\n        \n Water Release'],['Jutsu\n\n\nMedical Water Release: Jellyfish\n\n\nMedical Water Release: Water Mosquito\n\n\nMedical Water Release: Water Scorpion\n\n\nMystical Palm Technique'],['Tools\n\n\nScalpel'],,,,['Medical-nin'],,,,,
['Ameyuki'],,,['Novel'],,,,['Male'],['Deceased'],,,,,['Shangri-la'],,['Akatsuki Hiden: Evil Flowers in Full Bloom'],,,,,,,,,['Nature Type\n        \n Mud Release\n Earth Release\n Water Release'],['Jutsu\n\n\nMud Release: Bottomless Mud Hole\n\n\nMud Release: Landslide\n\n\nMud Release: Mud Doll\n\n\nMud Release: Muddy Water Wall'],,['Mud Release'],,,,,,,,
['Ameyuri Ringo'],['Naruto Chapter #522'],['Naruto Shippūden Episode #265'],"['Anime, Manga, Game']",['Seiko Tamura'],['Michelle Ruff'],['June 7'],['Female'],['Deceased'],['Part II: 143.5 cm'],['Part II: 45 kg'],['AB'],,['Kirigakure'],['Part II: Jōnin'],,,['Naruto Shippūden: Ultimate Ninja Storm 3'],,,['Seven Ninja Swordsmen of the Mist'],,,,['Nature Type\n        \n Lightning Release (Anime only)'],['Jutsu\n\n\nLightning Release: Depth Charge (Anime only)\n\n\nLightning Release: Lightning Fang (Anime only)\n\n\nLightning Release: Thunder Gate (Anime only)\n\n\nSilent Killing\n\n\nThunderswords Technique: Thunderbolt (Anime only)'],['Tools\n\n\nKiba'],,,,,,,,,
['Ami'],['Naruto Chapter #71'],['Naruto Episode #41'],"['Anime, Manga']",['Ema Kogure'],['Julianne Buescher'],,['Female'],,,,,,['Konohagakure'],['Part I: Academy Student'],,,,,['Part I: 12'],,,,,,,,,,,,,,,,
['Amino'],,['Naruto Shippūden Episode #484'],"['Anime, Novel']",['Ryōka Yuzuki'],,,['Female'],['Deceased'],,,,,['Bamboo Village'],,['Sasuke Shinden: Book of Sunrise'],,,,,,,,['Family\n\t\nIō  (Father)'],,,,,,,,,,,,
['Amuda'],,,['Novel'],,,,['Male'],,,,,,['Kirigakure'],,['Sasuke Shinden: Book of Sunrise'],,,,,['Lightning Group'],,,,,,,,,,,,,,,
['Anaguma'],,['Boruto Episode #275'],['Anime'],['Ryūichi Kijima'],,,['Male'],,,,,['Bounty Hunter'],['Kirigakure'],,,,,,,,,,,['Nature Type\n        \n Water Release'],['Jutsu\n\n\nWater Release: Water Snake Threads'],,,,,,,,,,
['Anato'],,['Boruto Episode #158'],['Anime'],['Katsunori Okai'],['Cory Yee'],,['Male'],['Deceased'],,,,['Researcher'],['Land of Valleys'],,,,,,,,,,['Family\n\t\nMia (Wife)'],,,,,,,,,,,,
['Anbu Commander'],['Naruto Chapter #121'],['Naruto Episode #72'],"['Anime, Manga, Game']",['Kōzō Dōzaka'],['Steve Staley  (Part I)'],,['Male'],,,,,['Head Anbu'],['Konohagakure'],['Part I: Anbu'],,,['Naruto: Ultimate Ninja Online'],,,,,,,,['Jutsu'],['Tools\n\n\nSword'],,,,,,,,,
['Aniki'],,['Naruto Episode #101'],"['Anime, Game']",['Yutaka Aoyama'],['Steven Blum'],,['Male'],,['Part I: 181 cm'],,,,,,,,['Naruto: Path of the Ninja 2'],,,['Moya Triad'],,,,,,['Tools\n\n\nPoison'],,,,,,,,,
['Aniki (missing-nin)'],,['Boruto Episode #266'],['Anime'],['Ryūichi Kijima'],,,['Male'],,,,,,,['Boruto Manga: Genin'],,,,,,,,,,['Nature Type\n        \n Fire Release'],['Jutsu\n\n\nFire Release: Fire Dragon Wall\n\n\nFire Release: Great Fireball Technique\n\n\nFire Release: Phoenix Sage Fire Technique'],,,,,['Missing-nin'],,,,,
['Anko Mitarashi'],['Naruto Chapter #44'],['Naruto Episode #21'],"['Anime, Manga, Game, Movie']",['Takako Honda'],['Julianne Buescher  (Chūnin Exams (Arc) - Kurosuki Family Removal Mission and Fourth Shinobi World War: Confrontation)\nLaura Bailey  (Kaima Capture Mission and Part II)\nCherami Leigh  (Academy Entrance Arc and onwards)\nKari Wahlgren  (Ultimate Ninja 2)'],['October 24'],['Female'],,['Part I: 167  cm'],['Part I: 45.8  kg'],['A'],['Chūnin Exams Proctor\nAcademy Teacher\nGenin Exams Proctor  (Anime only)'],['Konohagakure\n Ryūchi Cave\n Allied Shinobi Forces'],['Part I: Tokubetsu Jōnin'],,['Naruto Shippūden the Movie'],['Naruto: Ninja Council'],['Finally a clash! Jōnin vs. Genin!! Indiscriminate Grand Melee Tournament Meeting!!'],['Part I: 24\nPart II: 28'],['Team Orochimaru\n Kaima Capture Team (Anime only)\n Infiltration and Reconnaissance Party'],,['011226'],,['Nature Type\n        \n Fire Release (Anime only)\n Yin Release (Anime only)'],['Jutsu\n\n\nCursed Seal of Heaven\n\n\nFire Release: Dragon Fire Technique (Anime only)\n\n\nHidden Shadow Snake Hands\n\n\nMany Hidden Shadow Snake Hands\n\n\nSly Mind Affect Technique (Anime only)\n\n\nSnake Clone Technique (Anime only)\n\n\nSummoning Technique (Snake)\n\n\nTwin Snakes Mutual Death Technique'],['Tools\n\n\nKatar (Manga only)\n\n\nSenbon (Anime only)'],,,,,['12'],['10'],,,
['Ankorodō Shop Owner'],,['Boruto Episode #94'],"['Anime, Novel']",['Mizue Ōtsuka'],,,['Female'],,,,,['Shop owner'],['Konohagakure\n Ankorodō'],,['Naruto Shinden: Parent and Child Day'],,,,,,,,,['Nature Type\n        \n Earth Release'],['Jutsu\n\n\nAnkorodō Hiden Ninjutsu: Mochi Release: Infinite Dumplings'],,,,,,,,,,
['Ao'],['Naruto Chapter #454'],['Naruto Shippūden Episode #199'],"['Anime, Manga, Novel, Game']",['Tadahisa Saizen'],['Steven Blum'],['August 1'],['Male'],['Deceased'],['Part II: 182 cm'],['Part II: 70.9 kg'],['A'],"[""Fifth Mizukage's Bodyguard\nCaptain of the Sensor Division of the Allied Shinobi Forces\nOuter""]",['Kirigakure\n Allied Shinobi Forces\n Kara'],['Part II: Jōnin'],['Sasuke Shinden: Book of Sunrise (Mentioned)'],,['Naruto Shippūden: Ultimate Ninja Impact'],,['Part II: 46'],['Sensor Division'],['Heki'],,,['Nature Type\n        \n Water Release\n Yin Release'],['Jutsu\n\n\nBarrier Talisman: Armoured Eye\n\n\nSensing Technique\n\n\nSensing Water Sphere\n\n\nWater Release: Water Colliding Wave'],['Tools\n\n\nChakra Blade\n\n\nJutsu Absorption Arm\n\n\nMirror Drone\n\n\nShinobi Gauntlet'],['Byakugan'],,,['Sensor Type\nHunter-nin'],,,,,
['Aoba Yamashiro'],['Naruto Chapter #93'],['Naruto Episode #67'],"['Anime, Manga, Novel, Game, Movie']",['Kenjirō Tsuda'],['Wally Wingert'],['September 3'],['Male'],,['Part I: 178  cm'],['Part I: 66  kg'],['O'],,['Konohagakure\n Allied Shinobi Forces'],['Part I: Tokubetsu Jōnin'],['Sasuke Shinden: Book of Sunrise'],['Naruto the Movie: Blood Prison'],['Naruto Shippūden: Ultimate Ninja Storm 3'],['Hidden Leaf Village Grand Sports Festival!'],['Part I: 30\nPart II: 34'],['Twenty Platoons\n Intelligence Division'],,['009744'],,['Nature Type\n        \n Fire Release (Anime only)'],['Jutsu\n\n\nFire Release: Fire Dragon Bullet (Anime only)\n\n\nPsycho Mind Transmission\n\n\nScattering Thousand Crows Technique\n\n\nSecret Technique Stone Needles'],,,,,,,,,,
['Aoda'],['Naruto Chapter #633'],['Naruto Shippūden Episode #373'],"['Anime, Manga, Novel, Game']",['Kōsuke Gotō'],['Patrick Seitz'],['October 1'],['Male'],,,,,,['Ryūchi Cave\n Konohagakure'],,['Sasuke Shinden: Book of Sunrise'],,['Naruto Shippūden: Ultimate Ninja Storm Revolution'],,,,,,,,,,,,['Snake'],['Summon'],,,,,
['Aoi (game)'],,,['Game'],['Masumi Asano'],['Laura Bailey'],,['Female'],,,,,,['Tree Felling Village'],,,,['Naruto Shippūden: Ultimate Ninja 4'],,,,,,['Family\n\t\nTsubaki  (Mother)'],,,,,,,,,,,,
['Aoi Rokushō'],,['Naruto Episode #102'],"['Anime, Game']",['Ryōtarō Okiayu'],['Cam Clarke'],,['Male'],['Deceased'],['Part I: 182.5  cm'],,,,['Konohagakure\n Amegakure'],['Part I: Jōnin'],,,['Naruto: The Broken Bond'],,,['Team Oboro'],,,,['Nature Type\n        \n Water Release'],['Jutsu\n\n\nSenbon Shower\n\n\nUmbrella Shock Wave'],['Tools\n\n\nPoison\n\n\nSenbon\n\n\nSword of the Thunder God\n\n\nUmbrella'],,,,['Missing-nin'],,,,,
['Aoneko'],,,['Game'],,,,['Male'],,,,,['Cat Quiz Proprietor'],['Konohagakure'],,,,['Naruto: Ultimate Ninja Online'],,,,,,,['Nature Type\n        \n Water Release'],,,,,['Cat'],,,,,,
['Aosa'],,['Boruto Episode #229'],['Anime'],['Jin Domon'],,,['Male'],,,,,,['File:Land of Calm Seas Symbol.svg Land of Calm Seas'],,,,,,,,,,,,,,,,,['Medical-nin'],,,,,
['Arai'],,['Boruto Episode #141'],['Anime'],['Ryōta Suzuki'],['Todd Haberkorn'],,['Male'],,,,,,,,,,,,,,,,,,,,,,,,,,,,
['Arashi'],,['Naruto Episode #137'],['Anime'],['Hikaru Midorikawa'],['Benjamin Diskin'],,['Male'],['Deceased'],,,,,['Otogakure'],,,,,,,,,,['Family\n\t\nSasame (Younger Cousin)'],,['Jutsu\n\n\nCasualty Puppet\n\n\nCurse Mandala'],,,['Fūma Clan (Land of Sound)'],,,,,,,
['Arashi Umeya'],,,['Anime'],,,,['Male'],,,,,,['Sunagakure'],['Part II: Genin'],,,,['Chūnin Exam on Fire! Naruto vs. Konohamaru!'],,,,,,['Nature Type\n        \n Lightning Release'],,['Tools\n\n\nKama'],,,,,,,,,
['Araumi Funato'],,['Boruto Episode #233'],['Anime'],['Shigeru Chiba'],,,['Male'],,,,,['Head of the Funato Clan\nPirate'],['Land of Water'],,,,,,,,,,['Family\n\t\nIkada Funato (Son)\nIsari Funato (Son)\nSeiren Funato (Daughter)\nMinamo Funato (Wife)\nTenma Funato (Adoptive Son)'],['Nature Type\n        \n Water Release'],['Jutsu\n\n\nWater Release: Blood Conversion Technique'],['Tools\n\n\nChakra Cannon\n\n\nMarlin Harpoon\n\n\nSpear'],,['Funato Clan'],,,,,['Unique Traits\n\t\nGills'],,
['Araya'],['Boruto Chapter #3'],['Boruto Episode #55'],"['Anime, Manga, Novel, Movie']",['Junji Iki'],['Catero Colbert'],['March 13'],['Male'],,['Gaiden: 153  cm'],,,,['Sunagakure'],['Gaiden: Chūnin'],['Boruto: Naruto the Movie'],['Boruto: Naruto the Movie'],,,,['Team Shinki'],,,,,['Jutsu\n\n\nPuppet Technique (Anime only)'],['Tools\n\n\nSanshōuo (Anime only)\n\n\nSpear (Anime only)\n\n\nSword'],,,,,,,,,
['Armadiko'],['Naruto Chapter #513'],['Naruto Shippūden Episode #254'],"['Anime, Manga']",,,,['Male'],,,,,,['Kumogakure'],,,,,,,,,,,,,,,,['Armadillo'],,,,,,
['Asaka'],,['Boruto Episode #160'],['Anime'],['Yūsuke Hoshino\nSara Matsumoto  (Female)'],['Landon McDonald'],,['Male'],['Deceased'],,,,,['File:Land of Haze Symbol.svg Land of Haze'],,,,,,,['Haze Quadruplets'],,,['Family\n\t\nHiruga (Brother)\nYoruga (Brother)\nYūga (Brother)'],['Nature Type\n        \n Water Release'],['Jutsu\n\n\nHaze Ninja Art: Forbidden Technique: Red Spider Lily\n\n\nWater Clone Technique'],['Tools\n\n\nPoison\n\n\nTantō'],,,,,,,,,
['Asaki'],,['Boruto Episode #117'],['Anime'],['Yōko Ōsawa'],,,['Female'],,,,,"[""Remon's attendant""]",['Daidai Village'],,,,,,,,,,,,,,,['Yoimura Clan'],,,,,,,
['Asami'],['Konoha Shinden Chapter #10'],['Boruto Episode #108 (Mentioned)'],"['Anime, Manga, Novel']",,,,['Female'],['Deceased'],,,,,,,['Konoha Shinden: Steam Ninja Scrolls  (Mentioned)'],,,,,,,,['Family\n\t\nTatsumi (Daughter)'],,,,,,,,,,,,
['Ashimaru'],,['Boruto Episode #40'],['Anime'],['Ryūnosuke Watanuki'],['Aaron LaPlante'],,['Male'],['Deceased'],,,,,,,,,,,,,['Hidari'],,,,,['Tools\n\n\nSword'],,,,['Missing-nin\nMercenary Ninja'],,,,,
['Ashina'],,['Boruto Episode #67'],['Anime'],['Chika Anzai'],['Cristina Vee'],,['Female'],,,,,['Actress'],['Konohagakure'],,,,,,,,,,,,,,,,,,,,,,
['Ashina Uzumaki'],['Naruto Chapter #500'],['Naruto Shippūden Episode #247'],"['Anime, Manga']",,,,['Male'],['Deceased'],,,,['Leader of the Uzumaki Clan'],['Uzushiogakure'],,,,,,['Part II: 67'],,,,,,['Jutsu\n\n\nUzumaki Sealing Technique (Anime only)'],['Tools\n\n\nSword'],,['Uzumaki Clan'],,,,,,,
['Ashitaba'],,['Naruto Shippūden Episode #434'],['Anime'],['Aoi Inase'],['Roger Craig Smith'],,['Male'],['Deceased'],['Part I: 128  cm'],,,,,,,,,,,,,,['Family\n\t\nKaya (Mother)\nKomichi (Brother)'],,,,,,,,,,,,
['Asuma Sarutobi'],['Naruto Chapter #34'],['Naruto Episode #3'],"['Anime, Manga, Novel, Game, Movie']",['Jūrōta Kosugi\nFujiko Takimoto   (Child)'],['Doug Erholtz'],['October 18'],['Male'],['Deceased'],['Part I: 190.8  cm'],['Part I: 81.6  kg'],['O'],,['Konohagakure'],['Part I: Jōnin'],['Konoha Shinden: Steam Ninja Scrolls  (Mentioned)'],['Naruto Shippūden the Movie: The Will of Fire'],['Naruto: Konoha Ninpōchō'],['Hidden Leaf Village Grand Sports Festival!'],['Part I: 27–28\nPart II: 31'],['Twelve Guardian Ninja\n Team 10\n Twenty Platoons'],,['010829'],['Family\n\t\nSasuke Sarutobi (Grandfather)\nHiruzen Sarutobi (Father)\nBiwako Sarutobi (Mother)\nMirai Sarutobi (Daughter)\nKonohamaru Sarutobi (Nephew)\nKurenai Yūhi (Spouse)'],['Nature Type\n        \n Wind Release (Affinity)\n Fire Release'],['Jutsu\n\n\nChakra Blade: Straight Line\n\n\nFire Release: Ash Pile Burning\n\n\nFire Release: Flint Yagura Technique (Anime only)\n\n\nFlying Swallow\n\n\nWelcoming Approach: Thousand-Armed Murder (Anime only)\n\n\nWind Release: Dust Cloud Technique\n\n\nWind Release: Verdant Mountain Gale (Anime only)'],['Tools\n\n\nChakra Blade'],,['Sarutobi Clan'],,,['12'],['9'],,,
['Asura Path (character)'],['Naruto Chapter #379'],['Naruto Shippūden Episode #127'],"['Anime, Manga, Game']",['Jin Urayama'],['Kirk Thornton'],,['Male'],['Deceased'],['Part II: 189  cm'],,,['Mercenary'],,,,,['Naruto Shippūden: Ultimate Ninja Heroes 3'],['Naruto x UT'],,,,,,,['Jutsu\n\n\nPuppet Technique (Anime only)'],,,,,,,,,,
['Asura Ōtsutsuki'],['Naruto Chapter #462'],['Naruto Shippūden Episode #203'],"['Anime, Manga, Novel, Game, Movie']",['Ōki Sugiyama\nMomoko Ōhara (Child)'],['Chris Hackney \nAlex Cazares  (Child)'],['June 8'],['Male'],['Deceased'],,,,,['Land of Ancestors (Anime only)'],,['The Last: Naruto the Movie'],['The Last: Naruto the Movie'],['Naruto Shippūden: Ultimate Ninja Impact'],,,,,,['Family\n\t\nKaguya Ōtsutsuki (Grandmother)\nTenji (Grandfather) (Anime only)\nHagoromo Ōtsutsuki (Father)\nHamura Ōtsutsuki (Uncle)\nIndra Ōtsutsuki (Brother)\nKanna (Wife) (Anime only)'],['Nature Type\n        \n Wood Release (Anime only)\n Wind Release\n Lightning Release\n Earth Release\n Water Release\n Fire Release\n Yin Release\n Yang Release\n Yin–Yang Release'],['Jutsu\n\n\nAmenomihashira (Anime only)\n\n\nChakra Transfer Technique (Anime only)\n\n\nHands of Bonds (Anime only)\n\n\nMystical Palm Technique (Anime only)\n\n\nSage Art Wood Release: True Several Thousand Hands (Anime only)\n\n\nSensing Technique (Anime only)\n\n\nSix Paths Senjutsu\n\n\nSix Paths: Kunitsukami\n\n\nSwift Wind Wall (Anime only)\n\n\nTop Transformed Buddha (Anime only)\n\n\nTruth-Seeking Ball'],['Tools\n\n\nShakujō\n\n\nSword'],['Wood Release  (Anime only)'],['Ōtsutsuki Clan'],['Celestial Being-Human hybrid'],['Sage\nSensor Type'],,,,,
['Atsui'],['Naruto Chapter #527'],['Naruto Shippūden Episode #269'],"['Anime, Manga, Game']",['Shinobu Matsumoto'],['Todd Haberkorn'],['August 2'],['Male'],,['Part II: 180 cm'],['Part II: 65.3 kg'],['O'],,['Kumogakure\n Allied Shinobi Forces'],['Part II: Chūnin'],,,['Naruto Mobile'],,['Part II: 19'],['First Division'],,['CL6265'],['Family\n\t\nSamui (Sister)'],['Nature Type\n        \n Fire Release'],['Jutsu\n\n\nCloud-Style Flame Beheading'],['Tools\n\n\nSword'],,,,,,,,,
['Awaji Unabara'],,['Boruto Episode #233'],['Anime'],['Yōhei Matsuoka'],,,['Male'],['Deceased'],,,,,['Land of Water'],,,,,,,,,,['Family\n\t\nSanzui Unabara (Father)'],,,,,,,,,,,,
['Ayame'],['Databook #1'],['Naruto Episode #52'],"['Anime, Manga, Novel, Game, Movie']",['Masayo Hosono'],['Danielle Judovits \nKate Higgins  (Naruto: Ultimate Ninja and Episodes 79-101)\nLaura Bailey  (Episodes 63 and 90)'],['February 14'],['Female'],,['Part I: 159 cm–160 cm'],['Part I: 41 kg'],['O'],['Waitress'],['Konohagakure'],,['Konoha Hiden: The Perfect Day for a Wedding'],['Naruto Shippūden the Movie: The Will of Fire'],['Naruto: Konoha Ninpōchō'],['Finally a clash! Jōnin vs. Genin!! Indiscriminate Grand Melee Tournament Meeting!!'],['Part I: 17'],,,,['Family\n\t\nTeuchi (Father)'],,,,,,,,,,,,
['Azami'],,['Naruto Shippūden Episode #312'],['Anime'],['Mariko Mizuno'],['Cristina Vee'],,['Female'],,,,,,['Konohagakure'],,,,,,,,,,['Family\n\t\nChen (Grandfather)'],,,,,,,,,,,,
['Azure Fang'],,,['Game'],,,,['Female'],,['Part II: 163.3  cm'],['Part II: 46.5  kg'],['A'],,['Konohagakure'],['Part II: Academy Student'],,,['Naruto: Ultimate Ninja Online'],,['Part II: 16'],,,,,['Nature Type\n        \n Water Release'],"['Jutsu\n\n\nChakra Enhanced Strength\n\n\nChakra Scalpel\n\n\nHealing Resuscitation Regeneration Technique\n\n\nMystical Palm Technique\n\n\nPoison Mist\n\n\nSummoning Technique (Ninken, Toad)\n\n\nWater Clone Technique\n\n\nWater Release: Great Shark Bullet Technique\n\n\nWater Release: Great Water Arm Technique\n\n\nWater Release: Running Water Whip\n\n\nWater Release: Water Dragon Bullet Technique\n\n\nWater Release: Water Shark Bullet Technique\n\n\nWater Release: Water Trumpet']",['Tools\n\n\nPoison\n\n\nTantō'],,,,['Medical-nin'],,,,,
['Babu'],,['Naruto Shippūden Episode #416'],['Anime'],['Minoru Kawai'],['Todd Haberkorn'],,['Male'],['Deceased'],,,,,['Yugakure'],,,,,,,['Team Iwato'],,,,,,,,,,,,,,,
['Baiu'],['Naruto Chapter #58'],['Naruto Episode #21'],"['Anime, Manga, Game']",['Takayuki Fujimoto'],['Robbie Rist'],['May 30'],['Male'],['Deceased'],['Part I: 140.3  cm'],['Part I: 40  kg'],['A'],,['Amegakure'],['Part I: Genin'],,,['Naruto: Ultimate Ninja Online'],,['Part I: 18'],['Team Shigure'],,['R2-039'],,,,['Tools\n\n\nUmbrella'],,,,,,,,,
['Baji'],,['Naruto Shippūden Episode #195'],['Anime'],['Hiroyuki Kinoshita'],['Jamieson Price'],,['Male'],,,,,['Bandit leader'],,,,,,,,,,,,,['Jutsu\n\n\nHeavenly Punishment\n\n\nSecret Technique: Mouth Seal Technique'],,,,,,,,,,
['Baki'],['Naruto Chapter #65'],['Naruto Episode #37'],"['Anime, Manga, Novel, Game, Movie']",['Jōji Nakata'],"['Sam Riegel \nRichard Casino (""Naruto: Ultimate Ninja"")']",['July 4'],['Male'],,['Part I: 188.2  cm'],['Part I: 80  kg'],['A'],['Senior'],['Sunagakure'],['Part I: Jōnin'],['Gaara Hiden: A Sandstorm Mirage'],['Naruto Shippūden the Movie: The Will of Fire'],['Naruto: Ultimate Ninja'],['Finally a clash! Jōnin vs. Genin!! Indiscriminate Grand Melee Tournament Meeting!!'],['Part I: 30\nPart II: 34'],['Three Sand Siblings\n Suna Council'],,['38-212'],,['Nature Type\n        \n Wind Release'],['Jutsu\n\n\nBlade of Wind'],,,,,,['12'],['8'],,,
['Baku'],['Naruto Chapter #479'],['Naruto Shippūden Episode #210'],"['Anime, Manga, Game']",,,,,,,,,,['Konohagakure'],,,,['Naruto Shippūden: Ultimate Ninja Impact'],,,,,,,,,,,,['Tapir'],['Summon'],,,,,
['Baku (Anbu)'],['Naruto Chapter #399'],['Naruto Shippūden Episode #140'],"['Anime, Manga']",,,,['Male'],['Presumed Deceased'],,,,,['Konohagakure'],['Part II: Anbu'],,,,,['Part II: 31'],,,,,,,,,,,,,,,,
['Bakuto'],['Naruto Chapter #348'],['Naruto Shippūden Episode #116'],"['Anime, Manga']",['Tomoyoshi Fukazu'],['Travis Willingham'],,['Male'],,,,,['Prisoner'],,,,,,,['Part I: 36'],,,,,,,,,,,,,,,,
['Bamboo Minister'],,['Boruto Episode #267'],['Anime'],['Kōsuke Katayama'],,,['Male'],,,,,['Minister'],['Land of Bamboo'],,,,,,,,,,,,,,,,,,,,,,
['Bando'],,,['Game'],,['Roger Craig Smith'],,['Male'],,,,,['Weapons Dealer'],,,,,['Naruto: Clash of Ninja Revolution 2'],,,,['Kagura (game)'],,,,"[""Jutsu\n\n\nBando's Chakra Armour\n\n\nConcussive Chakra Cannon""]",,,,,,,,,,
['Bandō'],,['Naruto Shippūden Episode #224'],['Anime'],['Nobuyuki Hiyama'],['Todd Haberkorn'],,['Male'],,,,,,['Benisu Island'],['Part II: Jōnin'],,,,,,['Team Bandō'],,,,['Nature Type\n        \n Wind Release'],['Jutsu\n\n\nWind Release: Breakthrough\n\n\nWind Release: Great Breakthrough'],,,,,,,,,,
['Banna'],,['Naruto Shippūden Episode #233'],['Anime'],['Hiroshi Iwasaki'],['Kyle Hebert'],,['Male'],,,,,,['Land of Water'],,,,,,,,['Iggy'],,,,,['Tools\n\n\nClub'],,,,,,,,,
['Bansai'],['Naruto Chapter #320'],['Naruto Shippūden Episode #58'],"['Anime, Manga']",['Ryūji Nakagi'],['William Frederick Knight'],,['Male'],,,,,['Head Monk'],['Land of Fire\n Fire Temple'],,,,,,['Part II: 64'],,,,,,,,,,,['Ninja monk'],,,,,
['Baru Uchiha'],,['Naruto Shippūden Episode #338'],['Anime'],['Ryūichi Kijima'],['Nicolas Roye'],,['Male'],['Deceased'],['Part II: 180.4  cm'],,,,,,,,,,,,,,,['Nature Type\n        \n Yin Release\n Yang Release'],['Jutsu\n\n\nIzanagi'],['Tools\n\n\nSword'],['Sharingan \n Mangekyō Sharingan'],['Uchiha Clan'],,,,,,,
['Batora Kuromori'],,['Boruto Episode #261'],['Anime'],['Isshin Chiba'],,,['Male'],,,,,['Butler'],['Land of Bamboo'],,,,,,,,,,,['Nature Type\n        \n Water Release'],['Jutsu\n\n\nWater Release: Water Army Water Demon Technique'],,,,,,,,,,
['Batta'],,['Boruto Episode #275'],['Anime'],['Chihiro Ikki'],,,['Female'],,,,,,['Kumogakure'],,,,,,,,,,,['Nature Type\n        \n Wind Release'],['Jutsu\n\n\nArea Scanning Technique\n\n\nWind Release: Flying Locust Wind'],,,,,,,,,,
['Beekeeper'],,['Naruto Shippūden Episode #498'],"['Anime, Novel']",['Shōgo Nakamura'],['Mick Wingert'],,,,,,,['Beekeeper'],['Iwagakure\n Sora-ku'],,['Konoha Hiden: The Perfect Day for a Wedding'],,,,,,,,,,['Jutsu\n\n\nBee Honey Technique'],,,['Kamizuru Clan'],,['Missing-nin'],,,,,
['Bekkō'],['Naruto Chapter #1'],['Naruto Episode #1'],"['Anime, Manga, Novel, Game']",['Nobuaki Fukuda'],['Phil Hayes'],,['Male'],,,,,['Academy Teacher  (anime only)'],['Konohagakure'],['Part I: Chūnin'],"['Naruto: Innocent Heart, Demonic Blood']",,['Naruto: Rise of a Ninja'],,['Part I: 41'],,,,,,,,,,,,,,,,
['Benga'],,['Boruto Episode #141'],['Anime'],['Dai Matsumoto'],['John Eric Bentley'],,['Male'],['Deceased'],,,,['Hōzuki Castle officer'],['Kusagakure'],,,,,,,,,,,['Nature Type\n        \n Fire Release'],"[""Jutsu\n\n\nFire Release: Flame Bullet\n\n\nFire Release: Flame Capture\n\n\nFire Release: Heavenly Prison\n\n\nSummoning Technique (Hōzuki Castle's Ninken)""]",,,,,,,,,,
['Benten'],,['Naruto Shippūden Episode #144'],['Anime'],['Chikara Ōsaka'],['Michael Yurchak'],,['Male'],,,,,,,,,,,,,['Magaki Group'],,,,['Nature Type\n        \n Lightning Release'],['Jutsu\n\n\nBarrier Shattering Technique\n\n\nChakra Transfer Technique\n\n\nCombination Transformation\n\n\nHurricane Thunderclap\n\n\nImpermanence of Worldly Things\n\n\nInfinite Embrace\n\n\nMultiple Infinite Embraces\n\n\nShadow Rope Technique\n\n\nTelegram Flash'],,,,,,,,,,
['Bird-Masked Anbu Member'],['Naruto Chapter #121'],['Naruto Episode #72'],"['Anime, Manga']",,['David Lodge  (Part I)\nTodd Haberkorn  (Part II)'],,['Male'],,,,,['Anbu Captain'],['Konohagakure'],['Part I: Anbu'],,,,,,,,,,['Nature Type\n        \n Wind Release'],['Jutsu\n\n\nWind Release: Wind Cutter Technique'],['Tools\n\n\nSword'],,,,,,,,,
['Bisuke'],['Naruto Chapter #29'],['Naruto Episode #17'],"['Anime, Manga, Novel, Game, Movie']",['Shinji Kawada'],['Roger Craig Smith'],,['Male'],,,,,,['Konohagakure'],,"['Naruto: Innocent Heart, Demonic Blood']",['Road to Ninja: Naruto the Movie'],['Naruto: Ultimate Ninja'],,,,,,,,['Jutsu\n\n\nCircular Formation (Anime only)\n\n\nCrane Wing Formation (Anime only)\n\n\nDog Wall Formation (Anime only)\n\n\nNinken Ninja Art: Dance of the Dust Cloud (Anime only)'],,,,['Ninken'],['Summon'],,,,,
['Biwako Sarutobi'],['Naruto Chapter #500'],['Naruto Shippūden Episode #247'],"['Anime, Manga, Game']",['Ikuko Watanabe'],['Mona Marshall'],,['Female'],['Deceased'],,,,,['Konohagakure'],['Part II: Jōnin'],,,['Naruto Shippūden: Ultimate Ninja Storm 3'],,['Part II: 55'],,,,['Family\n\t\nAsuma Sarutobi (Son)\nMirai Sarutobi (Granddaughter)\nHiruzen Sarutobi (Husband)\nKonohamaru Sarutobi (Grandson)'],,,,,['Sarutobi Clan'],,['Medical-nin'],,,,,
['Black Shadow'],,,['Game'],['Atsushi Imaruoka'],['Lex Lang'],,['Male'],['Deceased'],,,,,['Tree Felling Village'],,,,['Naruto Shippūden: Ultimate Ninja 4'],,,,,,,['Nature Type\n        \n Yin Release'],['Jutsu\n\n\nBringer-of-Darkness Technique'],,,,,,,,,,
['Black Zetsu'],['Naruto Chapter #234'],['Naruto Episode #134'],"['Anime, Manga, Novel, Game, Movie']",['Nobuo Tobita \nKengo Kawanishi  (Child)'],['Travis Willingham \nMichael Sorich  (Naruto Episode 135)\nTodd Haberkorn  (Child)'],,,['Incapacitated'],,,,['Akatsuki spy'],['Akatsuki'],,['Naruto Jinraiden: The Day the Wolf Howled'],['Road to Ninja: Naruto the Movie'],['Naruto Shippūden: Ultimate Ninja 4'],['Naruto Shippūden: UNSG anime cutscenes'],,,['Kaguya Ōtsutsuki\nWhite Zetsu\nObito Uchiha\nMadara Uchiha'],,['Family\n\t\nKaguya Ōtsutsuki (Creator)'],['Nature Type\n        \n Wood Release\n Earth Release\n Water Release\n Fire Release\n Wind Release\n Lightning Release\n Yin Release\n Yang Release'],['Jutsu\n\n\nAll-Killing Ash Bones\n\n\nBlack Receiver\n\n\nBody Coating\n\n\nChakra Transfer Technique\n\n\nEvent Recording\n\n\nHiding in Surface Technique\n\n\nHiding with Camouflage Technique (Anime only)\n\n\nKamui\n\n\nMayfly\n\n\nProjection Technique\n\n\nSensing Technique\n\n\nSpore Technique\n\n\nTemporary Paralysis Technique\n\n\nWood Release: Underground Roots Technique\n\n\nYomotsu Hirasaka'],,['Wood Release \n Rinnegan \n Sharingan \n Mangekyō Sharingan'],,['Artificial Human'],['Jinchūriki\nS-rank\nSensor Type'],,,['Unique Traits\n\t\nCan absorb chakra'],['Kurama (Yin half) (Forms)'],
['Blue B'],['Naruto Chapter #494'],['Naruto Shippūden Episode #244'],"['Anime, Manga, Game']",['Yasuhiko Nemoto \nTōru Furusawa   (Shippūden episode 282)'],['Sam Riegel'],,['Male'],['Deceased'],,,,,['Kumogakure'],,,,['Naruto Mobile'],,['Part II: 22'],,['A (Third Raikage)'],,['Family\n\t\nA  (Uncle)\nA  (Cousin)\nKiller B (Adoptive Cousin)'],['Nature Type\n        \n Lightning Release (Anime only)'],['Jutsu\n\n\nContinuous Tailed Beast Balls (Anime only)\n\n\nLightning Release: Lariat (Anime only)\n\n\nSensing Technique (Anime only)\n\n\nTailed Beast Ball (Anime only)\n\n\nTailed Beast Chakra Arms (Anime only)'],['Tools\n\n\nSword'],,,,['Jinchūriki\nPseudo-Jinchūriki\nSensor Type'],,,,['Gyūki (Forms)'],
['Boar-Masked Anbu Member'],['Naruto Chapter #57'],['Naruto Episode #30'],"['Anime, Manga, Game']",['Kazuki Ogawa  (Part I; Episode 184)'],['Skip Stellrecht  (Part I; Episode 30 and 34)\nLex Lang  (Part I; Episode 184)\nPatrick Seitz  (Part II)'],,['Male'],,,,,['Anbu Captain'],['Konohagakure'],['Part I: Anbu'],,,['Naruto Shippūden: Ultimate Ninja Blazing'],['Hidden Leaf Village Grand Sports Festival!'],,,['Eagle-Masked Anbu Member'],,,['Nature Type\n        \n Earth Release'],['Jutsu\n\n\nEarth Release: Dropping Lid\n\n\nEarth Release: Hiding in Rock Technique (Anime only)\n\n\nEarth Release: Sticky Earth Drop (Anime only)\n\n\nShadow Clone Technique (Anime only)\n\n\nTemporary Paralysis Technique'],['Tools\n\n\nSword'],,,,,,,,,
['Boro'],['Boruto Chapter #15'],['Boruto Episode #157'],"['Anime, Manga, Game']",['Kenta Miyake'],['Dave B. Mitchell'],,['Male'],['Deceased'],,,,['Inner\nCult Leader'],['Kara'],,,,['Naruto x Boruto: Ninja Voltage'],,,,,,,['Nature Type\n        \n Lava Release\n Fire Release\n Earth Release\n Water Release\n Yin Release'],['Jutsu\n\n\nGenjutsu Communication\n\n\nLava Release: Planet-Branding Blast\n\n\nSelf-Healing Technique\n\n\nWater Release: Water Formation Wall'],['Tools\n\n\nDark Cloud\n\n\nSpace-Time Gate'],['Lava Release'],,,,,,,,
['Boruto Uzumaki'],['Naruto Chapter #700'],['Naruto Shippūden Episode #500'],"['Anime, Manga, Novel, Game, Movie']",['Yūko Sanpei \nKokoro Kikuchi  (The Last: Naruto the Movie)'],['Amanda Celine Miller\nMaile Flanagan  (The Last: Naruto the Movie)'],['March 27'],['Male'],,['Blank Period: 110 cm–122 cm\nBoruto Movie: 145 cm\nBoruto Manga: 163 cm'],,,['Vessel'],['Konohagakure\n Ryūchi Cave (Anime only)'],['Gaiden: Genin'],['The Last: Naruto the Movie'],['The Last: Naruto the Movie'],['Naruto Shippūden: Ultimate Ninja Storm 4'],['The Day Naruto Became Hokage (OVA)'],['Blank Period: 5\nBoruto Movie: 12\nBoruto Manga: 12  (16) (Future)'],['Team 7'],,,"[""Family\n\t\nMinato Namikaze (Grandfather)\nKushina Uzumaki (Grandmother)\nNaruto Uzumaki (Father)\nHyūga Elder (Great-Grandfather)\nHiashi Hyūga (Grandfather)\nHizashi Hyūga (Granduncle)\nHinata and Hanabi's Mother (Grandmother) (Anime only)\nHinata Hyūga (Mother)\nHanabi Hyūga (Aunt)\nHimawari Uzumaki (Sister)\nNeji Hyūga (First cousin once removed)\nKawaki (Adoptive Brother)\nMomoshiki Ōtsutsuki (Host)""]",['Nature Type\n        \n Lightning Release (Affinity)\n Wind Release\n Water Release'],"['Jutsu\n\n\nBig Ball Rasengan (Manga only)\n\n\nBoruto Stream\n\n\nCompression Rasengan (Anime only)\n\n\nGentle Fist\n\n\nHarem Technique\n\n\nImprovised Secret Technique: Lightning Ball Shuriken Technique (Anime only)\n\n\nKāma\n\n\nKāma Rift\n\n\nLightning Release Bullet: Powerful Breath (Anime only)\n\n\nLightning Release: Purple Electricity (Manga only)\n\n\nLightning Release: Thunderclap Arrow\n\n\nMultiple String Light Formation (Anime only)\n\n\nParent and Child Rasengan\n\n\nRasengan\n\n\nRasengan: ""Unison""\n\n\nSexy Technique\n\n\nShadow Clone Technique\n\n\nString Light Formation (Anime only)\n\n\nStudent and Teacher: Rasengan\n\n\nSummoning Technique (Snake) (Anime only)\n\n\nSuper Compression Rasengan (Anime only)\n\n\nSurging Fire Wild Dance (Anime only)\n\n\nUchiha Style Shurikenjutsu: ""Lightning"": Triple\n\n\nUltra-Big Ball Rasengan (Manga only)\n\n\nVanishing Rasengan\n\n\nWater Release: Surging Sea\n\n\nWater Release: Water Formation Wall (Novel only)\n\n\nWind Release: Gale Palm\n\n\nWind Release: Rasengan (Anime only)']",['Tools\n\n\nChakra Blade\n\n\nFlash Bomb (Anime only)\n\n\nHidden Kunai Mechanism (Anime only)\n\n\nJutsu Absorption Arm\n\n\nShinobi Gauntlet\n\n\nSword'],['Jōgan'],['Uzumaki Clan\n Hyūga Clan'],['Celestial Being'],['Missing-nin\nSensor Type'],,,,,
['Boxing Kangaroos'],,['Naruto Shippūden Episode #185'],['Anime'],,,,['Male'],,,,,,['Konohagakure'],,,,,,,['Four Ninja Animal Warriors'],,,,,,,,,['Kangaroo'],,,,,,
['Breeze Dancer'],,,['Game'],,,,['Female'],,['Part II: 171  cm'],['Part II: 48  kg'],['O'],,['Konohagakure'],['Part II: Academy Student'],,,['Naruto: Ultimate Ninja Online'],,['Part II: 16'],,,,,['Nature Type\n        \n Wind Release'],['Jutsu\n\n\nBig Ball Rasengan\n\n\nHarem Technique\n\n\nMultiple Shadow Clone Technique\n\n\nRasengan\n\n\nShadow Clone Technique\n\n\nSickle Weasel Technique\n\n\nSpiralling Serial Spheres\n\n\nWind Release: Vacuum Serial Waves'],['Tools\n\n\nGiant Folding Fan'],,,,,,,,,
['Bug'],['Boruto Chapter #56'],['Boruto Episode #287'],"['Anime, Manga']",['Takumi Yamazaki'],,,['Male'],,,,,['Outer\nCultist'],['Kara'],,,,,,,,,,,,,,,,,,,,,,
['Bull'],['Naruto Chapter #29'],['Naruto Episode #17'],"['Anime, Manga, Novel, Game, Movie']",,,,['Male'],,,,,,['Konohagakure'],,"['Naruto: Innocent Heart, Demonic Blood']",['Road to Ninja: Naruto the Movie'],['Naruto: Ultimate Ninja'],,,,,,,,['Jutsu\n\n\nCircular Formation (Anime only)\n\n\nDog Wall Formation (Anime only)\n\n\nNinken Ninja Art: Dance of the Dust Cloud (Anime only)'],,,,['Ninken'],['Summon'],,,,,
['Buna'],['Naruto Chapter #144'],['Naruto Episode #83'],"['Anime, Manga']",,,,['Male'],,,,,['Gardener apprentice'],['Land of Fire'],,,,,,['Part I: 13'],,,,,,,,,,,,,,,,
['Bunpuku'],['Naruto Chapter #660'],['Naruto Shippūden Episode #392'],"['Anime, Manga']",,,['February 9'],['Male'],['Deceased'],,['Part II: 38.2 kg'],['O'],['Priest'],['Sunagakure'],,,,,,,,,,,,['Jutsu\n\n\nDharma Power Seal (Anime only)\n\n\nDharma Power Sealing Technique: Sen no Rikyū (Anime only)'],['Tools\n\n\nSand'],,,,['Jinchūriki'],,,,['Shukaku (Forms)'],
['Buntan Kurosuki'],,['Boruto Episode #28'],"['Anime, Novel']",['Mariya Ise'],['Carrie Keranen'],,['Female'],,['Gaiden: 165.7  cm'],,,,['Kirigakure'],,['School Trip Bloodwind Records'],,,,,['New Seven Ninja Swordsmen'],,,['Family\n\t\nRaiga Kurosuki (Father)'],['Nature Type\n        \n Lightning Release'],['Jutsu\n\n\nLightning Ball\n\n\nLightning Burial: Banquet of Lightning\n\n\nLightning Fish\n\n\nLightning Strike Armour\n\n\nMystical Palm Technique (Anime only)\n\n\nSilent Killing (Anime only)\n\n\nThunderswords Technique: Remote Control'],['Tools\n\n\nKiba  (Anime only)\n\n\nSword (Anime only)'],,,,['Medical-nin'],,,,,
['Bunzō'],,['Naruto Episode #97'],['Anime'],['Atsushi Gotō'],['Wally Wingert'],,['Male'],,['Part I: 163.5 cm'],,,['Loan Collector'],['Land of Tea'],,,,,,,['Akagi Gang'],['Senta'],,,,,['Tools\n\n\nSword'],,,,,,,,,
['Burami'],,['Naruto Shippūden Episode #395'],['Anime'],['Kōsuke Gotō'],['Joe Ochman'],,['Male'],,,,,,['Kusagakure'],['Part I: Genin'],,,,,,['Team Kazami'],,,,,['Jutsu\n\n\nOdour-Concealing Bubbles\n\n\nShifting Body Technique\n\n\nSmell Sphere'],,,,,,,,,,
['Buriko Nekoka'],['Boruto Chapter #16'],['Boruto Episode #181'],"['Anime, Manga']",,,,['Female'],,,,,,['Konohagakure'],['Boruto Manga: Genin'],,,,,,,,,,,,,,,,,,,,,
['Butsuma Senju'],['Naruto Chapter #622'],['Naruto Shippūden Episode #367'],"['Anime, Manga']",['Keijin Okuda'],['Aaron LaPlante'],['January 16'],['Male'],['Deceased'],['Part II: 180  cm'],['Part II: 71.3 kg'],['AB'],,,,,,,,,,,,['Family\n\t\nHashirama Senju (Son)\nItama Senju (Son)\nKawarama Senju (Son)\nTobirama Senju (Son)\nTsunade (Great-Granddaughter)\nNawaki (Great-Grandson)'],,,['Tools\n\n\nSword\n\n\nTantō'],,['Senju Clan'],,,,,,,
['Byakuren'],['Naruto Chapter #648'],['Naruto Shippūden Episode #369'],"['Anime, Manga']",['Satoshi Hino'],['Vic Mignogna'],['January 20'],['Male'],['Deceased'],['Part II: 172.2 cm'],['Part II: 78.9 kg'],['B'],['Mizukage'],['Kirigakure'],['Part II: Kage'],,,,,,,,,,,,,,,,,,,,,
['C'],['Naruto Chapter #454'],['Naruto Shippūden Episode #199'],"['Anime, Manga, Novel, Game']",['Kenji Fukuda'],['Vic Mignogna'],['April 3'],['Male'],,['Part II: 172.2 cm'],['Part II: 55.8 kg'],['A'],"[""Fourth Raikage's Bodyguard""]",['Kumogakure\n Allied Shinobi Forces'],['Part II: Jōnin'],['Sasuke Shinden: Book of Sunrise'],,['Naruto Shippūden: Ultimate Ninja Impact'],['Naruto Shippūden: UNSG anime cutscenes'],['Part II: 26'],['Kumo Council\n Sensor Division'],['Darui'],['CL5517'],,['Nature Type\n        \n Lightning Release\n Yin Release'],['Jutsu\n\n\nLightning Release: Lightning Illusion Flash of Lightning Pillar\n\n\nMystical Palm Technique\n\n\nSensing Technique'],,,,,['Medical-nin\nSensor Type'],,,,,
['Calm Seas Daimyō'],,['Boruto Episode #229 (Mentioned)'],['Anime'],,,,['Male'],,,,,,['File:Land of Calm Seas Symbol.svg Land of Calm Seas'],,,,,,,,,,,,,,,,,['Daimyō'],,,,,
['Captain of the Ghost Ship'],,['Naruto Shippūden Episode #225'],['Anime'],['Kenji Nomura'],['Skip Stellrecht'],,['Male'],['Deceased'],,,,['Captain'],,,,,,,,,,,,,,,,,,,,,,,
['Chamaru'],['Boruto Chapter #18'],['Boruto Episode #183'],"['Anime, Manga']",,,,['Male'],,,,,,['Konohagakure'],,,,,,,,['Akita Inuzuka'],,,,['Jutsu\n\n\nFang Passing Fang\n\n\nPassing Fang'],,,['Inuzuka Clan'],['Ninken'],,,,,,
['Chamū'],,,"['Game, Movie']",,,,['Male'],,,,,,,,,['Naruto the Movie: Guardians of the Crescent Moon Kingdom'],['Naruto: Path of the Ninja 2  (movie poster)'],,,,['Kiki'],,,,,,,,['Sabre-toothed cat'],,,,,,
['Chen'],,['Naruto Shippūden Episode #312'],['Anime'],['Chō'],['Steve Kramer'],,['Male'],['Deceased'],,,,,['Konohagakure'],['Part II: Jōnin'],,,,,,,,,['Family\n\t\nAzami (Granddaughter)'],,['Jutsu\n\n\nLeaf Dragon God\n\n\nLeaf Great Whirlwind\n\n\nLeaf Gust\n\n\nLeaf Whirlwind'],,,,,,,,,,
['Chibi'],['Naruto Chapter #445'],['Naruto Shippūden Episode #172'],"['Anime, Manga']",,,,['Male'],['Deceased'],,,,,['Ame Orphans'],,,,,,['Part II: 2'],,,,,,,,,,['Dog'],,,,,,
['Chichiatsu'],,['Naruto Episode #152 (Mentioned)'],['Anime'],,,,,,,,,,['Land of Swamps'],,,,,,,,,,,,,,,,,['Daimyō'],,,,,
['Chikara'],,['Naruto Episode #192'],['Anime'],['Kiyoyuki Yanada'],['Roger Rose'],,['Male'],,,,,,['Land of Noodles'],,,,,,,,,,['Family\n\t\nFuku (Fiancée)'],,,,,,,['Daimyō'],,,,,
['Chino'],,['Naruto Shippūden Episode #484'],"['Anime, Novel, Game']",['Ai Kakuma'],['Xanthe Huynh'],,['Female'],,,,,,['Land of Hot Water\n Kirigakure'],,['Sasuke Shinden: Book of Sunrise'],,['Naruto Shippūden: Ultimate Ninja Blazing'],,,['Lightning Group (Anime only)'],,,['Family\n\t\nEn Oyashiro (Father)'],['Nature Type\n        \n Water Release\n Yin Release'],['Jutsu\n\n\nBlood Dragon Ascension\n\n\nBlood Transformation Technique (Anime only)\n\n\nExploding Human Technique (Anime only)\n\n\nGenjutsu: Ketsuryūgan (Anime only)\n\n\nSensing Technique (Novel only)\n\n\nShadow Clone Technique (Novel only)\n\n\nSoap Bubble Ninjutsu\n\n\nWater Release: Hail (Anime only)\n\n\nWater Release: Water Formation Wall (Anime only)'],,['Ketsuryūgan'],['Chinoike Clan'],,['Sensor Type'],,,,,
['Chiriku'],['Naruto Chapter #314'],['Naruto Shippūden Episode #57'],"['Anime, Manga, Game']",['Akio Ōtsuka'],['Kirk Thornton'],['July 1'],['Male'],['Deceased'],['Part II: 179  cm'],['Part II: 59.1  kg'],['A'],['Head Monk'],['Land of Fire\n Fire Temple'],,,,['Naruto Shippūden: Ultimate Ninja Heroes 3  (Mentioned)'],,['Part II: 31'],['Twelve Guardian Ninja'],,,,,['Jutsu\n\n\nDestruction of Evil Seal (Anime only)\n\n\nSealed Iron Wall\n\n\nWelcoming Approach: Thousand-Armed Murder (Anime only)'],['Tools\n\n\nSpear (Anime only)'],,,,['Ninja monk'],,,,,
['Chishima'],,['Naruto Episode #162'],['Anime'],['Takeshi Mito'],['Sam Riegel'],,['Male'],,,,,"[""Chief Advisor's Assistant""]",['Land of Birds'],,,,,,,,,,,,,,,,,,,,,,
['Chiyo'],['Naruto Chapter #252'],['Naruto Shippūden Episode #9'],"['Anime, Manga, Game']",['Ikuko Tani'],['Barbara Goodson'],['October 15'],['Female'],['Deceased'],['Part II: 149.1 cm'],['Part II: 39.1 kg'],['B'],['Counsellor  (Retired)'],['Sunagakure'],,,,['Naruto Shippūden: Ultimate Ninja 4'],['Naruto Shippūden: UNSG anime cutscenes'],['Part II: 73'],['Puppet Brigade\n Honoured Siblings\n Kazekage Rescue Team'],,['01-002'],"[""Family\n\t\nSasori's Father (Son)\nSasori (Grandson)\nEbizō (Younger Brother)""]",,"[""Jutsu\n\n\nManipulating Attack Blades\n\n\nMechanical Light Shield Block\n\n\nMystical Palm Technique\n\n\nOne's Own Life Reincarnation\n\n\nPuppet Performance: Skilful Achievement with a Human Body\n\n\nPuppet Technique\n\n\nPuppet: Father and Mother\n\n\nPuppet: Spring Punishing Strike\n\n\nReverse White Secret Technique: The Uematsu Collection of Ten Puppets (Anime only)\n\n\nSealing Technique: Lion Closing Roar\n\n\nThree Jewels Suction Crushing\n\n\nWhite Secret Technique Secret Art: Collection of Illusions (Anime only)\n\n\nWhite Secret Technique: The Chikamatsu Collection of Ten Puppets\n\n\nWhite Secret Technique: The Chikamatsu Collection of Ten Puppets: Heaven Attack""]",['Tools\n\n\nAntidote\n\n\nChikamatsu Collection\n\n\nLion-Headed Kannon\n\n\nMother and Father\n\n\nPoison\n\n\nSword\n\n\nWhip\n\n\nWire Strings'],,,,['Medical-nin'],,,,,
['Chiyo (princess)'],,['Naruto Shippūden Episode #309'],['Anime'],['Megumi Han'],['Cherami Leigh'],,['Female'],,,,,,['Land of This\n Land of That'],,,,,,,,,,['Family\n\t\nThis Daimyō (Father)'],,,,,,,,,,,,
['Chiyomatsu'],['Naruto Chapter #460'],['Naruto Shippūden Episode #202'],"['Anime, Manga']",,,,['Male'],,,,,,['Land of Iron'],,,,,,['Part II: 34'],,,,,,,['Tools\n\n\nSword'],,,,['Samurai'],,,,,
['Chōbee Akimichi'],,,['Anime'],['Kōsuke Gotō'],['Robbie Daymond'],,['Male'],,,,,,['Konohagakure'],,,,,['Boruto OVA'],,,,,['Family\n\t\nChōji Akimichi (Nephew)\nChōchō Akimichi (Grandniece)'],['Nature Type\n        \n Yang Release'],['Jutsu\n\n\nCalorie Control\n\n\nMulti-Size Technique\n\n\nPartial Multi-Size Technique'],,,['Akimichi Clan'],,,,,,,
['Chōchō Akimichi'],['Naruto Chapter #700'],['Boruto Episode #1'],"['Anime, Manga, Novel, Game, Movie']",['Ryōko Shiraishi'],['Colleen Villard'],['August 8'],['Female'],,['Blank Period: 130  cm\nBoruto Movie: 150.5  cm'],,,,['Konohagakure'],['Gaiden: Genin'],['Boruto: Naruto the Movie'],['Boruto: Naruto the Movie'],['Naruto: Ultimate Ninja Online'],['The Day Naruto Became Hokage (OVA)'],['Boruto Movie: 12'],['Team 10'],,,"[""Family\n\t\nChōji's Mother (Grandmother)\nChōza Akimichi (Grandfather)\nChōji Akimichi (Father)\nKarui Akimichi (Mother)\nChōbee Akimichi (Granduncle) (Anime only)""]",['Nature Type\n        \n Lightning Release\n Yang Release'],['Jutsu\n\n\nButterfly Mode (Anime only)\n\n\nCalorie Control\n\n\nEmpty Crash (Anime only)\n\n\nFormation Ino–Shika–Chō\n\n\nHuman Bullet Tank\n\n\nMulti-Size Technique\n\n\nMultiple String Light Formation (Anime only)\n\n\nPartial Multi-Size Technique\n\n\nString Light Formation (Anime only)\n\n\nSuper Multi-Size Technique'],,,['Akimichi Clan'],,,,,,,
['Chōhan'],['Naruto Chapter #149'],['Naruto Episode #86'],"['Anime, Manga']",['Masato Funaki'],['Henry Dittman'],,['Male'],,,,,['Gambler'],['Land of Fire'],,,,,,['Part I: 33'],,,,,,,,,,,,,,,,
['Chōji Akimichi'],['Naruto Chapter #34'],['Naruto Episode #1'],"['Anime, Manga, Novel, Game, Movie']",['Kentarō Itō\nYūmi Kawashima  (Child)'],['Robbie Rist \nColleen Villard   (Child)'],['May 1'],['Male'],,['Part I: 150.6 cm–156.3  cm\nPart II: 172.3  cm\nBlank Period: 178  cm'],['Part I: 62 kg–69.3  kg\nPart II: 87.5  kg'],['B'],,['Konohagakure\n Allied Shinobi Forces'],['Part I: Genin\nPart II: Chūnin'],['Kakashi Hiden: Lightning in the Icy Sky'],['Naruto Shippūden the Movie'],['Naruto: Konoha Ninpōchō'],['Hidden Leaf Village Grand Sports Festival!'],['Part I: 12–13\nPart II: 16–17'],['Team 10\n Sasuke Recovery Team\n Konoha 11 (Anime only)\n Peddlers Escort Team (Anime only)\n Twenty Platoons\n Fourth Division'],,['012625'],"[""Family\n\t\nChōza Akimichi (Father)\nChōji's Mother (Mother)\nChōchō Akimichi (Daughter)\nKarui Akimichi (Wife)\nChōbee Akimichi (Uncle) (Anime only)""]",['Nature Type\n        \n Earth Release\n Fire Release\n Yang Release'],['Jutsu\n\n\nBallistic Waterwheel (Anime only)\n\n\nButterfly Bullet Bombing\n\n\nButterfly Mode\n\n\nCalorie Control\n\n\nDouble Human Bullet Tank\n\n\nEarth Release: Practice Brick Technique\n\n\nFormation Ino–Shika–Chō\n\n\nHuman Bullet Tank\n\n\nHuman Bullet Yo-Yo\n\n\nMulti-Size Technique\n\n\nPartial Multi-Size Technique\n\n\nSpiked Human Bullet Tank\n\n\nSuper Multi-Size Technique\n\n\nSuper Open Hand Slap'],['Tools\n\n\nMilitary Rations Pill\n\n\nThree Coloured Pills'],,['Akimichi Clan'],,,['14'],['12'],,,
"[""Chōji's Mother""]",,['Naruto Shippūden Episode #82'],"['Anime, Movie']",['Chiharu Kojima'],['Mary Elizabeth McGlynn'],,['Female'],,,,,,['Konohagakure'],,,['Road to Ninja: Naruto the Movie'],,,,['Allied Mothers Force'],,,['Family\n\t\nChōji Akimichi (Son)\nChōchō Akimichi (Granddaughter)\nChōza Akimichi (Husband)'],,,,,['Akimichi Clan'],,,,,,,
['Chōjūrō'],['Naruto Chapter #454'],['Naruto Shippūden Episode #199'],"['Anime, Manga, Novel, Game, Movie']",['Kōki Miyata'],['Brian Beacock'],['November 1'],['Male'],,['Part II: 163.6 cm'],['Part II: 49.5 kg'],['B'],['Mizukage'],['Kirigakure\n Allied Shinobi Forces'],['Part II: Jōnin\nGaiden: Kage'],['Shikamaru Hiden: A Cloud Drifting in Silent Darkness'],['The Last: Naruto the Movie'],['Naruto Shippūden 3D: The New Era'],,['Part II: 19'],['Seven Ninja Swordsmen of the Mist\n Daimyō Protection Squad'],,,,['Nature Type\n        \n Water Release (Anime only)'],['Jutsu\n\n\nBloody Mist Sword Art: Bone Mutilation\n\n\nSilent Killing\n\n\nWater Release: Great Waterfall Technique (Anime only)\n\n\nWater Release: Water Fang Bullet (Anime only)\n\n\nWater Release: Water Formation Wall (Anime only)\n\n\nWater Release: Water Spikes (Anime only)'],['Tools\n\n\nHiramekarei\n\n\nSword (Anime only)'],,,,,,,,,
['Chōmei'],['Naruto Chapter #467'],['Naruto Shippūden Episode #165'],"['Anime, Manga, Novel, Game, Movie']",['Kenichi Suzumura'],['Steven Blum'],,,,,,,,['Takigakure'],,['The Last: Naruto the Movie'],['The Last: Naruto the Movie'],['Naruto Shippūden: Ultimate Ninja Storm 3'],,,,,,['Family\n\t\nHagoromo Ōtsutsuki (Creator)\nShukaku (Sibling)\nMatatabi (Sibling)\nIsobu (Sibling)\nSon Gokū (Sibling)\nKokuō (Sibling)\nSaiken (Sibling)\nGyūki (Sibling)\nKurama (Sibling)'],,['Jutsu\n\n\nBug Bite\n\n\nChakra Transfer Technique\n\n\nCocoon (Anime only)\n\n\nSpear Attack Shining Horn\n\n\nTailed Beast Ball\n\n\nTailed Beast Full Charge\n\n\nTailed Beast Telepathy'],,,,['Kabutomushi'],['Tailed Beast'],,,,,['Fū \nNaruto Uzumaki']
['Chōseki'],['Naruto Chapter #150'],['Naruto Episode #86'],"['Anime, Manga']",['Ichirota Koizumi'],['Doug Stone'],,['Male'],,,,,,['Iwagakure\n Land of Fire'],['Part I: Chūnin'],,,,,['Part I: 27'],,,,,,,,,,,['Missing-nin'],,,,,
['Chōza Akimichi'],['Naruto Chapter #137'],['Naruto Episode #59'],"['Anime, Manga, Novel, Game, Movie']",['Nobuaki Fukuda'],['Michael Sorich'],['April 22'],['Male'],,['Part I: 183  cm'],['Part I: 120.1  kg'],['B'],['Head of the Akimichi Clan'],['Konohagakure\n Allied Shinobi Forces'],['Part I: Jōnin'],['Naruto Shinden: Parent and Child Day'],['Naruto Shippūden the Movie: The Lost Tower'],['Naruto: Ultimate Ninja 3'],['Hidden Leaf Village Grand Sports Festival!'],['Part I: 38\nPart II: 42'],['Ino–Shika–Chō\n First Division\n Team Chōza (Anime only)'],,['005490'],"[""Family\n\t\nChōji Akimichi (Son)\nChōchō Akimichi (Granddaughter)\nChōji's Mother (Wife)""]",['Nature Type\n        \n Yang Release'],['Jutsu\n\n\nCalorie Control\n\n\nDouble Human Bullet Tank\n\n\nFormation Ino–Shika–Chō\n\n\nHuman Bullet Tank\n\n\nMulti-Size Technique\n\n\nPartial Multi-Size Technique\n\n\nSuper Multi-Size Technique'],['Tools\n\n\nBō'],,['Akimichi Clan'],,,,,,,
['Chūji'],,['Naruto Shippūden Episode #254'],['Anime'],,,,['Male'],,,,,,['Kumogakure'],,,,,,,,,,,,,,,,['Penguin'],,,,,,
['Chūkaku'],,['Naruto Shippūden Episode #316'],['Anime'],['Mitsuru Takakuwa'],['Doug Stone'],,['Male'],['Deceased'],,,,,['Land of Fire\n Fire Temple'],,,,,,,['Impure World Reincarnation Allied Forces'],,,,,['Jutsu\n\n\nSealing Release Technique'],['Tools\n\n\nPrayer Beads'],,,,['Ninja monk'],,,,,
['Chūkichi'],['Naruto Chapter #516'],['Naruto Shippūden Episode #261'],"['Anime, Manga']",['Minoru Hirota'],['Kyle Hebert'],['July 2'],['Male'],['Deceased'],['Part II: 186 cm'],['Part II: 86.5 kg'],['AB'],,['Kirigakure'],['Part II: Jōnin'],,,,,,['Surprise Attack and Diversion Platoon'],,,,['Nature Type\n        \n Water Release (Anime only)'],['Jutsu\n\n\nHiding in Frost Technique (Anime only)\n\n\nSensing Technique\n\n\nSilent Killing (Anime only)'],,,,,['Sensor Type'],,,,,
['Chūshin'],,['Naruto Shippūden Episode #144'],['Anime'],['Yōhei Tadano'],['Vic Mignogna'],,['Male'],,,,,,,,,,,,,['Magaki Group'],,,,['Nature Type\n        \n Lightning Release'],['Jutsu\n\n\nBarrier Shattering Technique\n\n\nChakra Transfer Technique\n\n\nCombination Transformation\n\n\nHurricane Thunderclap\n\n\nImpermanence of Worldly Things\n\n\nInfinite Embrace\n\n\nMultiple Infinite Embraces\n\n\nShadow Rope Technique\n\n\nTelegram Flash'],['Tools\n\n\nFūma Shuriken'],,,,,,,,,
['Claw Daimyō'],,['Naruto Episode #177 (Mentioned)'],['Anime'],,,,,,,,,,['Land of Claws'],,,,,,,,,,,,,,,,,['Daimyō'],,,,,
['Code'],['Boruto Chapter #15'],['Boruto Episode #157'],"['Anime, Manga, Game']",['Junta Terashima'],['Jacob Hopkins'],,['Male'],,,,,['Inner\nLeader of Kara'],['Kara'],,,,['Naruto x Boruto: Ninja Voltage'],,,,,,,['Nature Type\n        \n Yin Release'],['Jutsu\n\n\nClaw Grime (Manga only)\n\n\nClaw Mark\n\n\nGenjutsu Communication\n\n\nKāma'],['Tools\n\n\nMicroscopic Scientific Ninja Tools\n\n\nSpace-Time Gate'],,,,,,,,,
['Conch King'],,['Naruto Shippūden Episode #187'],['Anime'],,,,,,,,,,['Amegakure'],,,,,,,,,,,['Nature Type\n        \n Water Release\n Yin Release'],['Jutsu\n\n\nConch Cannon\n\n\nConch Whip\n\n\nWater Release Genjutsu: Demonic Phantom Fog Prison'],,,,['Strombidae'],['Summon'],,,,,
['Condor'],,['Naruto Shippūden Episode #181'],"['Anime, Game']",['Takeharu Ōnishi'],['Benjamin Diskin'],,['Male'],,,,,['Leader of the Four Ninja Animal Warriors'],['Konohagakure'],,,,['Naruto Mobile'],,,['Four Ninja Animal Warriors'],,,,,['Jutsu\n\n\nOstrich Aerial\n\n\nOstrich Meteor Blast\n\n\nOstrich Rising Dragon Bullet\n\n\nOstrich Whirlwind Attack\n\n\nShining Ostrich Kick'],,,,['Ostrich'],,,,,,
['Crimson Fist'],,,['Game'],,,,['Male'],,['Part II: 181.1  cm'],['Part II: 82.3  kg'],['B'],,['Konohagakure'],['Part II: Academy Student'],,,['Naruto: Ultimate Ninja Online'],,['Part II: 16'],,,,,['Nature Type\n        \n Wood Release\n Earth Release\n Water Release'],['Jutsu\n\n\nEarth Release: Added-Weight Rock Technique\n\n\nEarth Release: Earth Mausoleum Dumpling\n\n\nEarth Release: Fist Rock Technique\n\n\nEarth Release: Hardening Technique\n\n\nEarth Release: Light-Weight Rock Technique\n\n\nEarth Release: Super Fist Rock Technique\n\n\nEarth Release: Ultralight-Weight Rock Technique\n\n\nFront Lotus\n\n\nLeaf Whirlwind\n\n\nSummoning Technique (Slug)'],,['Wood Release'],,,,,,,,
['Curse Jutsu Master'],,,['Game'],,,,['Male'],,,,,,,,,,['Naruto Shippūden: Ultimate Ninja Storm 2'],,,,,,,,['Jutsu\n\n\nCursed Doll'],,,,,,,,,,
['Cursed Warrior'],,['Naruto Episode #162'],['Anime'],,,,,['Deceased'],,,,,['Land of Birds'],,,,,,,,,,,,,,,,,['Samurai'],,,,,
['Daemon'],['Boruto Chapter #59'],['Boruto Episode #289'],"['Anime, Manga']",['Yumiri Hanamori'],,,['Male'],,,,,,['Kara\n Konohagakure (Manga only)'],,,,,,,,,,['Family\n\t\nAda (Sister)'],,['Jutsu\n\n\nReflection Shinjutsu'],['Tools'],,,,,,,,,
['Daen Nara'],['Naruto Chapter #616'],['Naruto Shippūden Episode #365'],"['Anime, Manga']",,,,['Male'],,,,,,['Konohagakure\n Allied Shinobi Forces'],['Part II: Jōnin'],,,,,['Part II: 30'],,,,,['Nature Type\n        \n Yin Release'],['Jutsu\n\n\nShadow Imitation Technique'],,,['Nara Clan'],,,,,,,
['Daibutsu'],,['Naruto Shippūden Episode #347'],['Anime'],['Kōsuke Gotō'],['Travis Willingham'],,['Male'],['Deceased'],['Part II: 210 cm'],,,,['Akatsuki'],,,,,,,,,,,['Nature Type\n        \n Water Release'],['Jutsu\n\n\nWater Prison Technique'],['Tools\n\n\nBō'],,,,,,,,,
['Daichi'],['Naruto Chapter #94'],['Naruto Episode #56'],"['Anime, Manga']",['Ikumi Sugiyama (Episode 199-200)'],['Quinton Flynn  (Episode 56 and 158)\nDerek Stephen Prince  (Episode 199)'],,['Male'],,,,,,['Konohagakure'],['Part I: Academy Student'],,,,,['Part I: 10'],,,,,,,,,,,,,,,,
['Daikoku Funeno'],['Naruto Chapter #221'],['Naruto Episode #129'],"['Anime, Manga']",['Masato Funaki \nDōzaka Kōzō  (Shippūden episode 176)\nRyūichi Kijima   (Shippūden episode 452)'],['Robbie Rist'],,['Male'],,,,,['Academy Teacher'],['Konohagakure'],['Part I: Chūnin'],,,,,['Part I: 35'],,,,,,,,,,,,,,,,
['Daimaru'],,['Naruto Shippūden Episode #316'],['Anime'],['Hideo Watanabe'],['Derek Stephen Prince'],,['Male'],['Deceased'],,,,,['Sunagakure'],,,,,,,['Impure World Reincarnation Allied Forces'],,,,['Nature Type\n        \n Earth Release'],['Jutsu\n\n\nEarth Release: Sand Dance'],,,,,,,,,,
['Daizen Matsushige'],,['Boruto Episode #259'],['Anime'],['Fukushi Ochiai'],,,['Male'],,,,,['Thief\nShopkeeper'],['Konohagakure'],,,,,,,,,,,['Nature Type\n        \n Wind Release'],['Jutsu\n\n\nSickle Weasel Technique'],,,,,,,,,,
['Dajimu'],['Naruto Chapter #454 (Mentioned)'],['Naruto Shippūden Episode #198 (Mentioned)'],"['Anime, Manga']",,,,,,,,,,['Konohagakure\n Root'],['Part II: Anbu'],,,,,,,['Tera'],,,,,,,,,,,,,,
['Dan Katō'],['Naruto Chapter #160'],['Naruto Episode #91'],"['Anime, Manga, Game']",['Takuma Suzuki'],['Roger Craig Smith'],['December 4'],['Male'],['Deceased'],['Part I: 180.2 cm'],['Part I: 67.1 kg'],['A'],,['Konohagakure'],['Part I: Jōnin'],,,['Naruto Shippūden: Ultimate Ninja Blazing'],,['Part I: 27'],,,['002973'],['Family\n\t\nShizune (Niece)\nTsunade (Lover)'],['Nature Type\n        \n Fire Release\n Wind Release\n Earth Release\n Yin Release\n Yang Release'],['Jutsu\n\n\nChakra Transfer Technique\n\n\nSpirit Transformation Technique'],,,,,,,['10'],,,
['Dango Mitsuki'],['Naruto Chapter #490'],,['Manga'],,,,['Male'],,,,,,['Konohagakure'],['Part II: Chūnin'],,,,,['Part II: 26'],['Infiltration and Reconnaissance Party'],,,,,,,,,,,,,,,
['Dangō'],['Naruto Chapter #450'],['Naruto Shippūden Episode #179'],"['Anime, Manga']",['Kōzō Dōzaka'],,,['Male'],,,,,['Minister'],['Land of Fire'],,,,,,['Part II: 55'],,,,,,,,,,,,,,,,
['Danjō'],,,['Novel'],,,,['Male'],,,,,,['Land of Earth'],,['Shikamaru Shinden: A Cloud Dancing in Forlorn Falling Petals'],,,,,,,,,,,,,,,['Daimyō'],,,,,
['Danzō Shimura'],['Naruto Chapter #281'],['Naruto Shippūden Episode #32'],"['Anime, Manga, Novel, Game']",['Hiroshi Ito\nMasayuki Katō   (Young Adult)'],['William Frederick Knight \nPeter Lurie   (Young Adult)\nTroy Baker   (Naruto Shippūden: Kizuna Drive)'],['January 6'],['Male'],['Deceased'],['Part II: 170 cm'],['Part II: 52.7 kg'],['AB'],['Leader of Root\nCandidate Sixth Hokage'],['Konohagakure\n Root'],,['Itachi Shinden: Book of Bright Light'],,['Naruto Shippūden: Kizuna Drive'],['Naruto Shippūden: UNSG anime cutscenes'],['Part II: 72–73'],['Konoha Council\n Escort Unit'],,['000272'],,['Nature Type\n        \n Wind Release\n Earth Release\n Water Release\n Fire Release\n Wood Release\n Yin Release\n Yang Release'],['Jutsu\n\n\nCursed Tongue Eradication Seal\n\n\nGenjutsu: Sharingan (Anime only)\n\n\nHiding in Surface Technique (Anime only)\n\n\nIzanagi\n\n\nKotoamatsukami\n\n\nRegeneration Ability\n\n\nReverse Four Symbols Sealing\n\n\nSelf-Cursing Seal\n\n\nSpontaneous Tree Summoning\n\n\nSummoning Technique (Baku)\n\n\nWind Release: Vacuum Blade\n\n\nWind Release: Vacuum Great Sphere\n\n\nWind Release: Vacuum Serial Waves\n\n\nWind Release: Vacuum Sphere\n\n\nWind Release: Vacuum Wave\n\n\nWind Waves'],['Tools\n\n\nSealing Arm Braces\n\n\nSword'],['Sharingan \n Mangekyō Sharingan \n Wood Release'],['Shimura Clan'],,,,,,,
['Daore Dōtonbori'],,['Boruto Episode #94'],"['Anime, Novel']",['Hana Takeda'],,,['Male'],,,,,,,,['Naruto Shinden: Parent and Child Day'],,,,,['Exploding-Till-You-Eat'],,,['Family\n\t\nKūi Dōtonbori (Father)'],,,,,,,,,,,,
['Darui'],['Naruto Chapter #454'],['Naruto Shippūden Episode #199'],"['Anime, Manga, Novel, Game, Movie']",['Ryōta Takeuchi'],['Catero Colbert \nOgie Banks   (Ultimate Ninja Storm series)'],['January 6'],['Male'],,['Part II: 176.5 cm\nGaiden: 185  cm'],['Part II: 68.5 kg'],['O'],['First Division Commander of the Allied Shinobi Forces\nRaikage'],['Kumogakure\n Allied Shinobi Forces'],['Part II: Jōnin\nGaiden: Kage'],['Sasuke Shinden: Book of Sunrise'],['Boruto: Naruto the Movie'],['Naruto Shippūden 3D: The New Era'],['Naruto Shippūden: UNSG anime cutscenes'],['Part II: 26'],['Kumo Council\n First Division'],['C'],['CL5596'],,['Nature Type\n        \n Storm Release\n Lightning Release\n Water Release\n Wind Release'],['Jutsu\n\n\nBlack Lightning\n\n\nDouble Black Panther (Anime only)\n\n\nLightning Release: Black Panther\n\n\nLightning Release: Wave of Inspiration\n\n\nShadow Clone Technique (Anime only)\n\n\nStorm Release: Laser Circus\n\n\nWater Release: Water Formation Wall'],['Tools\n\n\nBenihisago\n\n\nCleaver Sword\n\n\nKohaku no Jōhei\n\n\nShichiseiken'],['Storm Release'],,,,,,,,
['Daruma Izuno'],,['Boruto Episode #222'],['Anime'],['Taketora'],,,['Male'],,,,,,['Konohagakure'],,,,,,,,,,['Family\n\t\nAmagi Izuno (Mother)\nWasabi Izuno (Daughter)\nMazuma Izuno (Wife)'],,,,,['Izuno Clan'],,,,,,,
['Datsuji'],,['Naruto Shippūden Episode #398'],['Anime'],['Shinobu Matsumoto'],['Kirk Thornton'],,['Male'],,['Part I: 170  cm'],,,,['Sunagakure'],['Part I: Genin'],,,,,,['Team Goji'],,,,['Nature Type\n        \n Water Release'],['Jutsu\n\n\nWater Release: Mouth Shot'],['Tools\n\n\nFlash Bomb'],,,,,,,,,
['Deepa'],,['Boruto Episode #157'],['Anime'],['Tetsuya Kakihara'],['Chris Hackney'],,['Male'],['Deceased'],,,,['Inner'],['Kara'],,,,,,,,['Victor'],,,['Nature Type\n        \n Yin Release'],['Jutsu\n\n\nCarbon Armour\n\n\nCarbon Control\n\n\nCarbon Ring\n\n\nCarbon Whip\n\n\nGenjutsu Communication'],,,,,,,,,,
['Deidara'],['Naruto Chapter #247'],['Naruto Shippūden Episode #2'],"['Anime, Manga, Novel, Game, Movie']",['Katsuhiko Kawamoto'],['Quinton Flynn  (Episode 135)\nRoger Craig Smith'],['May 5'],['Male'],['Deceased'],['Part II: 166  cm'],['Part II: 50.8  kg'],['AB'],['Terrorist Bomber'],['Iwagakure\n Akatsuki'],,['Akatsuki Hiden: Evil Flowers in Full Bloom'],['Road to Ninja: Naruto the Movie'],['Naruto Shippūden: Gekitō Ninja Taisen! EX'],['Naruto Shippūden: UNSG anime cutscenes'],['Part II: 19'],['Explosion Corps\n Surprise Attack and Diversion Platoon'],['Sasori\nTobi'],['IW-08721'],,['Nature Type\n        \n Explosion Release\n Earth Release\n Lightning Release'],['Jutsu\n\n\nC0\n\n\nC1\n\n\nC2\n\n\nC3\n\n\nC4\n\n\nClay Clone\n\n\nEarth Release: Hiding Like a Mole Technique\n\n\nExplosive Clay\n\n\nExplosive Clay Dolls (Anime only)\n\n\nExplosive Landmines\n\n\nFive-Seal Barrier Pass Technique\n\n\nIwagakure Kinjutsu\n\n\nShadow Clone Technique\n\n\nSuicide Bombing Clone'],['Tools\n\n\nEye Scope\n\n\nSword (Anime only)'],['Explosion Release'],,,['S-rank\nMissing-nin\nMercenary Ninja'],,,,,
['Delta'],['Boruto Chapter #15'],['Boruto Episode #157'],"['Anime, Manga, Game']",['Houko Kuwashima'],['Amber Lee Connors'],,['Female'],,,,,['Inner  (Former)'],['Kara\n Konohagakure (Manga only)'],,,,['Naruto x Boruto: Ninja Voltage'],,,,,,['Family\n\t\nAkebi Sanzu (Genetic source)\nAmado Sanzu (Creator/Father)'],['Nature Type\n        \n Yin Release'],['Jutsu\n\n\nGenjutsu Communication'],['Tools\n\n\nAbsorbing Eye\n\n\nMicroscopic Scientific Ninja Tools\n\n\nSpace-Time Gate\n\n\nSpy Drone'],,,,,,,,,
['Demonic Statue of the Outer Path'],['Naruto Chapter #254'],['Naruto Shippūden Episode #10'],"['Anime, Manga, Novel, Game, Movie']",,,,,['Incapacitated'],,,,,['Akatsuki'],,['The Last: Naruto the Movie'],['The Last: Naruto the Movie'],['Naruto Shippūden: Ultimate Ninja 5'],,,,,,['Family\n\t\nTen-Tails (Original Form)'],,['Jutsu\n\n\nBlack Receiver\n\n\nDemonic Statue Chains\n\n\nSealing Technique: Phantom Dragons Nine Consuming Seals'],,,,,['Summon'],,,,,
['Dengaku'],['Naruto Chapter #159'],['Naruto Episode #91'],"['Anime, Manga']",['Toshitsugu Takashina'],['Quinton Flynn   (Episode 91)\nSteve Kramer   (Episode 92)'],,['Male'],,['Part I: 164 cm'],,,['Shopkeeper of an oden stall'],['Land of Fire'],,,,,,['Part I: 33'],,,,,,,,,,,,,,,,
['Denka'],['Naruto Chapter #354'],['Naruto Shippūden Episode #121'],"['Anime, Manga']",['Kazuhiko Inoue'],['Rick Zieff  (#121)\nSam Riegel  (#189)'],,['Male'],,,,,,,,,,,,,,,,,,,,,,['Ninneko'],,,,,,
['Denki Kaminarimon'],,['Boruto Episode #1'],"['Anime, Manga, Novel, Game']",['Chihiro Ikki'],['Erica Mendez'],,['Male'],,['Gaiden: 138 cm'],,,,['Konohagakure'],['Gaiden: Chūnin'],['The New Leaves Soaring Through the Blue Sky!'],,['Naruto: Ultimate Ninja Online'],,,['Team 5'],,,['Family\n\t\nEreki Kaminarimon (Father)'],['Nature Type\n        \n Lightning Release'],['Jutsu\n\n\nLightning Release: Elekiter (Anime only)\n\n\nLightning Release: Lightning Slash (Anime only)\n\n\nLightning Release: Overdrive (Anime only)\n\n\nMultiple String Light Formation (Anime only)\n\n\nString Light Formation (Anime only)'],['Tools\n\n\nFlash Bomb (Anime only)\n\n\nLightning Release Suit (Anime only)\n\n\nSmoke-Flash Bomb (Anime only)'],,,,,,,,,
['Disonasu'],,['Naruto Shippūden Episode #290'],['Anime'],['Masayuki Omoro'],['Keone Young'],,['Male'],['Deceased'],,,,['Head of Hachō Village'],['Hachō Village'],,,,,,,,,,,,['Jutsu\n\n\nScroll Communication Technique\n\n\nSummoning Technique'],['Tools\n\n\nAma no Hoko\n\n\nSaezuri'],,,,,,,,,
['Dodai'],['Naruto Chapter #541'],['Naruto Shippūden Episode #282'],"['Anime, Manga, Game']",['Shinobu Matsumoto'],['Todd Haberkorn'],['October 23'],['Male'],,['Part II: 176.5  cm'],['Part II: 78.9 kg'],['O'],['Raikage Attendant'],['Kumogakure\n Allied Shinobi Forces'],['Part II: Jōnin'],,,['Naruto Shippūden: Ultimate Ninja Storm Revolution'],,['Part II: 54'],['Fourth Division\n Communications Team'],,['CL1532'],,['Nature Type\n        \n Lava Release\n Fire Release\n Earth Release'],['Jutsu\n\n\nLava Release: Rubber Ball\n\n\nLava Release: Rubber Defence\n\n\nLava Release: Rubber Rope\n\n\nLava Release: Rubber Wall'],,['Lava Release'],,,,,,,,
['Dokan'],,['Naruto Shippūden Episode #452'],['Anime'],['Minoru Kawai'],,,['Male'],,,,,,['Konohagakure'],['Part II: Genin'],,,,,,,,,,,,,,,,,,,,,
['Doki'],['Naruto Chapter #202'],['Naruto Episode #119'],"['Anime, Manga, Game']",,,,,,,,,,['Otogakure'],,,,['Naruto: Gekitō Ninja Taisen! 4'],,,,,,,['Nature Type\n        \n Yin Release'],,['Tools\n\n\nClub'],,,['Demon'],['Summon'],,,,,
['Dokku'],,['Naruto Shippūden Episode #290'],['Anime'],['Hiroto Torihata'],['Joe Ochman'],,['Male'],,['Part II: 165  cm'],,,['Militia Officer  (Former)'],['Tonika Village'],,,,,,['Part II: 36'],,,,['Family\n\t\nShiseru (Wife)\nLando (Adoptive Son)\nLeo (Adoptive Son)\nMiina (Adoptive Daughter)\nFaz (Adoptive Son)\nSora  (Adoptive Daughter)'],,,['Tools\n\n\nAma no Hoko\n\n\nSaezuri'],,,,,,,,,
['Don'],,['Naruto Shippūden Episode #254'],['Anime'],,,,['Male'],,,,,['Leader of the Koalas'],['Kumogakure'],,,,,,,,,,,,,,,,['Koala'],,,,,,
['Doragu'],,['Boruto Episode #142'],['Anime'],['Tsuyoshi Koyama'],['Kyle Hebert'],,['Male'],,,,,['Criminal'],,,,,,,,,,,,,,,,,,,,,,,
['Doseki Ganryū'],,['Boruto Episode #261'],['Anime'],['Daichi Hayashi'],,,['Male'],,,,,,['Konohagakure'],['Boruto Manga: Academy Student'],,,,,,,,,,,,,,,,,,,,,
['Dosu Kinuta'],['Naruto Chapter #35'],['Naruto Episode #21'],"['Anime, Manga, Game']",['Daisuke Egawa'],['John DeMita'],['June 12'],['Male'],['Deceased'],['Part I: 156 cm'],['Part I: 49 kg'],['A'],,['Otogakure'],,,,['Naruto: Path of the Ninja'],['Finally a clash! Jōnin vs. Genin!! Indiscriminate Grand Melee Tournament Meeting!!'],['Part I: 14'],['Team Dosu'],,,,,['Jutsu\n\n\nResonating Echo Drill'],['Tools\n\n\nResonating Echo Speaker'],,,,,,,,,
['Dotō Kazahana'],,,"['Game, Movie']",['Tsutomu Isobe'],['Lex Lang'],,['Male'],['Deceased'],,,,,['Yukigakure'],,,['Naruto the Movie: Ninja Clash in the Land of Snow'],['Naruto: Ultimate Ninja 2'],,,,,,['Family\n\t\nKoyuki Kazahana (Niece)\nSōsetsu Kazahana (Brother)'],['Nature Type\n        \n Ice Release'],['Jutsu\n\n\nIce Release: Black Dragon Blizzard\n\n\nIce Release: Twin Dragon Blizzard'],['Tools\n\n\nChakra Armour\n\n\nHexagonal Crystal (Movie only)\n\n\nMechanical Kunai Thrower (Movie only)'],,,,['Daimyō'],,,,,
['Dread Lion'],,['Naruto Shippūden Episode #189'],['Anime'],,,,['Male'],,,,,,,,,,,,,,,,,,,,,,['Lion'],,,,,,
['Dōshin'],,,['Game'],['Daisuke Sakaguchi'],['Roger Craig Smith'],,['Male'],['Deceased'],,,,,['Konohagakure'],['Part II: Anbu'],,,['Naruto Shippūden: Ultimate Ninja Heroes 3'],,,"[""Leaf's Anbu""]",,,,['Nature Type\n        \n Earth Release\n Yin Release'],['Jutsu\n\n\nDemonic Illusion: False Surroundings Technique\n\n\nForbidden Summoning Technique: Fire Rats Cometh\n\n\nForbidden Technique: Mud Golem'],,,,,['Missing-nin'],,,,,
['Dōshu Goetsu'],['Naruto Chapter #700+1'],['Boruto Episode #1'],"['Anime, Manga, Novel, Game']",['Kazuki Ōta \nDaiki Kajimoto (Episode 139+)'],['Christopher Swindle'],,['Male'],,,,,,['Konohagakure'],['Gaiden: Genin'],['The New Leaves Soaring Through the Blue Sky!'],,['Naruto: Ultimate Ninja Online'],,,['Team 40 (Anime only)'],,,,,['Jutsu\n\n\nChakra Transfer Technique (Anime only)\n\n\nMultiple String Light Formation (Anime only)\n\n\nMystical Palm Technique (Anime only)\n\n\nString Light Formation (Anime only)'],['Tools\n\n\nBlowpipe (Anime only)\n\n\nInjection Shot (Anime only)'],,,,['Medical-nin'],,,,,
['Dōtō Akimichi'],['Naruto Chapter #542'],['Naruto Shippūden Episode #282'],"['Anime, Manga, Game']",,['Steve Kramer'],,['Male'],,,,,,['Konohagakure'],['Part II: Jōnin'],,,['Naruto Mobile'],,['Part II: 29'],,,,,['Nature Type\n        \n Yang Release'],['Jutsu\n\n\nCalorie Control'],['Tools\n\n\nBō'],,['Akimichi Clan'],,,,,,,
['Eagle-Masked Anbu Member'],['Naruto Chapter #57'],['Naruto Episode #30'],"['Anime, Manga, Game']",['Keijin Okuda  (Part I; Episode 30 and 34)\nEisuke Asakura  (Part I; Episode 184)\nKōsuke Gotō  (Part II)'],['Sam Riegel  (Part I; Episode 30 and 34)\nKim Strauss  (Part I; Episode 67)\nPatrick Seitz  (Part I; Episode 184)'],,['Male'],,,,,,['Konohagakure'],['Part I: Anbu'],,,['Naruto Shippūden: Ultimate Ninja Blazing'],['Hidden Leaf Village Grand Sports Festival!'],,,['Boar-Masked Anbu Member'],,,['Nature Type\n        \n Water Release (Anime only)'],['Jutsu\n\n\nHiding in Surface Technique (Anime only)\n\n\nTemporary Paralysis Technique\n\n\nWater Clone Technique (Anime only)'],['Tools\n\n\nSword'],,,,,,,,,
['Earth Daimyō'],['Naruto Chapter #488'],['Naruto Shippūden Episode #218'],"['Anime, Manga']",['Kenji Yamauchi'],['Kirk Thornton'],,['Male'],,,,,,['Land of Earth'],,,,,,['Part II: 62'],,,,,,,,,,,['Daimyō'],,,,,
['Earth Prison Golem'],,['Naruto Shippūden Episode #304'],['Anime'],,,,,,,,,,['Otogakure'],,,,,,,,,,,['Nature Type\n        \n Earth Release'],,,,,,['Summon'],,,['Unique Traits\n\t\nCan absorb chakra'],,
['Ebisu'],['Naruto Chapter #2'],['Naruto Episode #2'],"['Anime, Manga, Game, Movie']",['Nobuo Tobita \nManami Hanawa (Child)'],['Crispin Freeman'],['March 8'],['Male'],,['Part I: 181.4  cm'],['Part I: 67.5  kg'],['A'],['Personal Trainer'],['Konohagakure\n Allied Shinobi Forces'],['Part I: Tokubetsu Jōnin'],,['Naruto the Movie: Blood Prison'],['Naruto: Konoha Ninpōchō'],['Hidden Leaf Village Grand Sports Festival!'],['Part I: 28\nPart II: 32–33'],['Team Chōza\n Team Ebisu'],,['010777'],,['Nature Type\n        \n Fire Release (Anime only)'],['Jutsu\n\n\nFire Release: Fire Dragon Bullet (Anime only)\n\n\nShadow Clone Technique (Anime only)'],,,,,,['17'],['10'],,,
['Ebizō'],['Naruto Chapter #252'],['Naruto Shippūden Episode #9'],"['Anime, Manga, Novel, Game, Movie']",['Ken Shiroyama'],['Kyle Hebert'],['January 6'],['Male'],,['Part II: 158 cm'],['Part II: 45 kg'],['B'],['Senior  (Novel only)\nHead of the Suna Council (Novel only)'],['Sunagakure'],['Blank Period: Jōnin'],['Gaara Hiden: A Sandstorm Mirage'],['Naruto Shippūden the Movie: The Will of Fire'],['Naruto Shippūden: Ultimate Ninja 4'],,['Part II: 72'],['Honoured Siblings\n Suna Council (Novel only)'],,['02-002'],"[""Family\n\t\nChiyo (Sister)\nSasori's Father (Nephew)\nSasori (Grandnephew)""]",,,,,,,,,,,,
['Edashi'],,['Naruto Shippūden Episode #465'],['Anime'],['Yo Tokinaga\nMisuzu Togashi  (Child)'],"[""Robbie Rist \nColleen O'Shaughnessey  (Child)""]",,['Male'],['Deceased'],,,,,['Land of Ancestors'],,,,,,,,,,,,['Jutsu\n\n\nChakra Transfer Technique'],,,,,,,,,,
['Ehō Norimaki'],,['Boruto Episode #154'],['Anime'],['Ryōko Shiraishi'],['Casey Mongillo'],,['Male'],,,,,,['Konohagakure'],['Boruto Manga: Academy Student'],,,,,,,,,,,,,,,,,,,,,
['Eiki Fūma'],,['Boruto Episode #261'],['Anime'],['Takuto Yoshinaga'],,,['Male'],,,,,,['Konohagakure'],['Boruto Manga: Academy Student'],,,,,,,,,,,,,,['Fūma Clan'],,,,,,,
['Emi'],['Naruto Chapter #144'],['Naruto Episode #83'],"['Anime, Manga, Game']",['Masumi Asano'],['Laura Bailey'],,['Female'],,,,,['Tailor shop worker'],['Land of Fire'],,,,['Naruto: The Broken Bond'],,['Part I: 25'],,,,,,,,,,,,,,,,
